data,hora,natureza_acidente,situacao,bairro,endereco,numero,detalhe_endereco_acidente,complemento,bairro_cruzamento,num_semaforo,sentido_via,tipo,descricao,auto,moto,ciclom,ciclista,pedestre,onibus,caminhao,viatura,outros,vitimas,vitimasfatais,acidente_verificado,tempo_clima,situacao_semaforo,sinalizacao,condicao_via,conservacao_via,ponto_controle,situacao_placa,velocidade_max_via,mao_direcao,divisao_via1,divisao_via2,divisao_via3
2020-01-30,14:14:00,SEM VÍTIMA,FINALIZADA,MADALENA,AV BEIRA RIO,,RUA JOSE OSORIO,PONTE DA CAPUNGA,MADALENA,387.0,SUBURBIO,COLISÃO TRASEIRA,SANDERO X ECOSPORT,2.0,,,,,,,,,0.0,,Cruzamento,Bom,Sem defeito,Perfeito estado,Seca,Perfeito estado,Agente,R-6c,,Única,Faixa seccionada,,
2020-01-30,15:45:00,SEM VÍTIMA,FINALIZADA,BOA VISTA,RUA DR JOSE MARIANO,,,MADEPORT,BOA VISTA,209.0,CIDADE,ABALROAMENTO LONGITUDINAL,ENTRE DOIS AUTOS S/V,2.0,,,,,,,,,0.0,,Longo da via,Bom,Sem defeito,Não existente,Seca,Perfeito estado,Não existe,Não há placas,,Única,Não existe,,
2020-01-30,15:52:00,SEM VÍTIMA,FINALIZADA,SANTO ANTÔNIO,RUA FLORIANO PEIXOTO,155,,CASA DA CULTURA,SANTO ANTÔNIO,,SUBURBIO,ABALROAMENTO LONGITUDINAL,ENTRE AUTO PASSEIO X ONIBUS S/V,1.0,,,,,1.0,,,,0.0,,Longo da via,Bom,Sem defeito,Perfeito estado,Seca,Perfeito estado,Faixa de pedestre,Outras,,Única,Faixa seccionada,,
2020-01-30,17:22:00,SEM VÍTIMA,CANCELADA,PARNAMIRIM,AV PARNAMIRIM,,,EM FRENTE AO SANTANDER/ LADO OPOSTO DO 375,PARNAMIRIM,,,COLISÃO,COLISÃO SEM VITIMA,2.0,,,,,,,,,0.0,,,,,,,,,,,,,,
2020-01-30,18:13:00,SEM VÍTIMA,FINALIZADA,PAISSANDU,AV GOVERNADOR AGAMENON MAGALHAES,,RUA PAISSANDU,EM FRENTE AO BANCO ITAÚ,PAISSANDU,69.0,SUBURBIO,ABALROAMENTO LONGITUDINAL,CAMINHAO X COROLLA,1.0,,,,,,1.0,,,0.0,,Longo da via,Bom,Sem defeito,Perfeito estado,Seca,Perfeito estado,Faixa de pedestre,Não há placas,60 km/h,Dupla,Faixa seccionada,,
2020-01-30,18:20:00,SEM VÍTIMA,FINALIZADA,BOA VISTA,RUA HENRIQUE DIAS,,RUA DOM BOSCO,,BOA VISTA,294.0,CIDADE,ABALROAMENTO LONGITUDINAL,ONIX X ONIBUS,1.0,,,,,1.0,,,,0.0,,Longo da via,Bom,Sem defeito,Perfeito estado,Seca,Perfeito estado,Agente,,,Única,Faixa contínua,,
2020-01-30,19:10:00,SEM VÍTIMA,FINALIZADA,ILHA DO LEITE,AV FREI MATIAS TEVES,,RUA FRANCISCO ALVES,HOPE,ILHA DO LEITE,,,ABALROAMENTO LONGITUDINAL,ENTRE 2 AUTOS. S/V,2.0,,,,,,,,,0.0,,Longo da via,Bom,Não existe,Perfeito estado,Seca,Perfeito estado,Faixa de pedestre,Não há placas,,Dupla,Faixa seccionada,,
2020-01-30,19:23:00,SEM VÍTIMA,FINALIZADA,GRAÇAS,RUA JOAQUIM NABUCO,,,HOSPITAL DA RESTAURAÇAO,GRAÇAS,,SUBURBIO,ABALROAMENTO LONGITUDINAL,HB 20 X PALIO,2.0,,,,,,,,1.0,0.0,,Longo da via,Bom,Não existe,Perfeito estado,Seca,Perfeito estado,Não existe,R-6a,,Única,Faixa seccionada,,
2020-01-30,20:08:00,COM VÍTIMA,CANCELADA,GRAÇAS,RUA DO FUTURO,800,AV CONS ROSA E SILVA,PROX A EXTRA FARMA,GRAÇAS,,,COLISÃO,PRISMA X MOTO OBS: MOTORISTA SE EVADIU E DEIXOU O VEICULO OBS: SUSPEITA DE EMBRIAGUEZ,1.0,1.0,,,,,,,,1.0,,,,,,,,,,,,,,
2020-01-30,20:21:00,SEM VÍTIMA,FINALIZADA,APIPUCOS,RUA DOIS IRMAOS,470,,,APIPUCOS,,,CHOQUE OBJETO FIXO,CONDUTOR PERDEU O CONTROLE DO SEU VEÍCULO E ACABOU SE CHOCANDO CONTRA O POSTE. S/V,1.0,,,,,,,,,0.0,,Longo da via,Bom,Não existe,Perfeito estado,Seca,Perfeito estado,Não existe,Outras,40 km/h,Dupla,Faixa contínua,,
2020-01-30,23:17:00,VÍTIMA FATAL,FINALIZADA,CIDADE UNIVERSITÁRIA,RUA EMILIANO BRAGA,96,RUA MANOEL JOAQUIM DE ALMEIDA,PROX AO PARAIBANO BAR,CIDADE UNIVERSITÁRIA,,,ABALROAMENTO TRANSVERSAL,MICRO-ÔNIBUS E MOTOCICLETA.,,1.0,,,,1.0,,,,,1.0,Cruzamento,Bom,Não existe,Ilegível,Seca,Mal iluminada,Não existe,Não há placas,,Única,Não existe,,
2020-01-30,23:29:00,SEM VÍTIMA,CANCELADA,,AV SERRA DA MANTIQUEIRA,23,,NA LADEIRA DE MONTE VERDE,,,,ENGAVETAMENTO,ENTRE 2 AUTOS E 2 ÕNIBUS. S/V,2.0,,,,,2.0,,,,0.0,,,,,,,,,,,,,,
2020-01-31,00:43:00,SEM VÍTIMA,FINALIZADA,PINA,AV BOA VIAGEM,,RUA ALCIDES CARNEIRO LEAL,,PINA,,CIDADE,ABALROAMENTO LONGITUDINAL,COLISÃO ENTRE DOIS AUTOS S/V,2.0,,,,,,,,,0.0,,Longo da via,Bom,Sem defeito,Perfeito estado,Seca,Perfeito estado,Não existe,,,Única,Faixa seccionada,,
2020-01-31,07:13:00,SEM VÍTIMA,FINALIZADA,IMBIRIBEIRA,AV MARECHAL MASCARENHAS DE MORAES,,RUA DEZ DE JULHO,AO LADO DA CAIXA ECONOMICA,IMBIRIBEIRA,,SUBURBIO,ABALROAMENTO LONGITUDINAL,SEM VITIMAS,1.0,,,,,1.0,,,,0.0,,Cruzamento,Bom,Não existe,Perfeito estado,Seca,Perfeito estado,Não existe,Não há placas,60 km/h,Dupla,,,
2020-01-31,08:02:00,SEM VÍTIMA,CANCELADA,JORDÃO,AV MARIA IRENE,,AV MARECHAL MASCARENHAS DE MORAES,DEBAIXO DO VIAUTO /SENTIDO AEROPORTO,JORDÃO,,AEROPORTO,CHOQUE OBJETO FIXO,VEICULO COLIDIU COM MEIO DEVIDO A OLEO NA VIA,1.0,,,,,,,,,0.0,,,,,,,,,,,,,,
2020-01-31,08:09:00,SEM VÍTIMA,CANCELADA,JORDÃO,AV MARIA IRENE,,,EM FRENTE A UPINHA,JORDÃO,,,COLISÃO,,,1.0,,,,1.0,,,,0.0,,,,,,,,,,,,,,
2020-01-31,08:14:00,SEM VÍTIMA,FINALIZADA,BOA VISTA,AV GOVERNADOR AGAMENON MAGALHAES,,,EM FRENTE AO AMERICANO BATISTA,BOA VISTA,174.0,,COLISÃO TRASEIRA,COLISAO S/ VITIMA. DOIS VEICULOS PASSEIO. GM: Douglas CALADO E THIAGO SOUZA NO LOCAL,2.0,,,,,,,,,0.0,,Longo da via,Chuvoso,Sem defeito,Perfeito estado,Molhada,Perfeito estado,Agente,Outras,60 km/h,Dupla,Faixa seccionada,,
2020-01-31,09:04:00,COM VÍTIMA,FINALIZADA,DERBY,PRC DO DERBY,,RUA JENER DE SOUZA,AO LADO DO QUARTEL DO DERBY,DERBY,40.0,CIDADE,COLISÃO TRASEIRA,AUTO E MOTO,1.0,1.0,,,,,,,,1.0,,Longo da via,Bom,Sem defeito,Perfeito estado,Seca,Perfeito estado,Faixa de retenção,Outras,,Dupla,Faixa contínua,,
2020-01-31,09:26:00,SEM VÍTIMA,FINALIZADA,SANTO AMARO,AV CRUZ CABUGA,,,AO LADO DO SHOPPING TACARUNA,SANTO AMARO,470.0,CIDADE,CHOQUE OBJETO FIXO,MOTO CHOCOU-SE COM PRISMA GM´S RONILDO E HENRIQUE PEREIRA PONTO FIXO,,1.0,,,,,,,,0.0,,Longo da via,Bom,Sem defeito,Perfeito estado,Seca,Perfeito estado,Agente,,,Dupla,Faixa seccionada,,
2020-01-31,10:45:00,SEM VÍTIMA,FINALIZADA,VASCO DA GAMA,RUA ALTO DO EUCALIPTO,828,,GRÁFICA VASCO DA GAMA,VASCO DA GAMA,,SUBURBIO,COLISÃO FRONTAL,DOIS AUTOS,2.0,,,,,,,,,0.0,,Longo da via,Bom,Não existe,Perfeito estado,Seca,Perfeito estado,Outros,Outras,,Dupla,Não existe,,
2020-01-31,10:56:00,SEM VÍTIMA,FINALIZADA,BOA VIAGEM,RUA COSMORAMA,380,RUA GENERAL SALGADO,SHARK ARENA,BOA VIAGEM,,CIDADE,ABALROAMENTO LONGITUDINAL,COLISAO S/ VITIMA. ENTRE DOIS VEICULOS,2.0,,,,,,,,,0.0,,Cruzamento,Bom,Não existe,Perfeito estado,Seca,Perfeito estado,Não existe,Placas Pare,40 km/h,Única,Faixa seccionada,,
2020-01-31,11:13:00,SEM VÍTIMA,CANCELADA,BOA VIAGEM,RUA ERNESTO DE PAULA SANTOS,1302,RUA CORONEL ANIZIO RODRIGUES COELHO,EM FRENTE A PALADARIA DELICATESSEN,BOA VIAGEM,,,COLISÃO,SEM VITIMAS,2.0,,,,,,,,,0.0,,,,,,,,,,,,,,
2020-01-31,11:30:00,SEM VÍTIMA,FINALIZADA,BOA VISTA,RUA JOAO FERNANDES VIEIRA,1308,AV GOVERNADOR AGAMENON MAGALHAES,COLEGIO AMERICANO BATISTA,BOA VISTA,37.0,CIDADE,ABALROAMENTO LONGITUDINAL,SEM VITIMAS/ CTTU NO LOCAL /GM VILA NOVA/ARNOSO/JOÃO VITOR,1.0,1.0,,,,,,,,0.0,,Longo da via,Bom,Sem defeito,Perfeito estado,Seca,Perfeito estado,Agente,,60 km/h,Dupla,Canteiro central,,
2020-01-31,11:47:00,SEM VÍTIMA,FINALIZADA,BOA VISTA,RUA DOM BOSCO,908,,EM FRENTE AO MERCADO EXTRA Nº 913,BOA VISTA,294.0,,ABALROAMENTO LONGITUDINAL,DOIS AUTOS / GM JOSY CARLA / JEFERSON JOSE NO QTH P.O,2.0,,,,,,,,,0.0,,Longo da via,Bom,Sem defeito,Perfeito estado,Seca,Perfeito estado,Agente,Outras,,Dupla,Canteiro central,,
2020-01-31,11:48:00,SEM VÍTIMA,DUPLICIDADE,BOA VISTA,AV MANOEL BORBA,,,DE ESQUINA COM O SUPERMERCADO EXTRA,BOA VISTA,294.0,,COLISÃO,DOIS AUTOS  GM´S JOSE JOSI KARLA E JEFERSON,2.0,,,,,,,,,0.0,,,,,,,,,,,,,,
2020-01-31,12:21:00,SEM VÍTIMA,FINALIZADA,BOA VIAGEM,AV DES JOSE NEVES,211,,E/F AO POSTO SHELL,BOA VIAGEM,,SUBURBIO,COLISÃO TRASEIRA,ENTRE DOIS AUTOS S/V,2.0,,,,,,,,,0.0,,Longo da via,Bom,Não existe,Perfeito estado,Seca,Perfeito estado,Não existe,R-6a,,Dupla,Faixa seccionada,Canal,
2020-01-31,13:39:00,SEM VÍTIMA,FINALIZADA,BREJO DA GUABIRABA,AV VEREADOR OTACILIO AZEVEDO,,RUA DOURADINHA,,BREJO DA GUABIRABA,,CIDADE,ABALROAMENTO LONGITUDINAL,COLISÃO S/VITIMAS ENTRE UMA MOTO E UM AUTO,1.0,1.0,,,,,,,,0.0,,,Bom,Não existe,Incompleta,Seca,Perfeito estado,Não existe,Placas Pare,,Dupla,Faixa seccionada,,
2020-01-31,14:12:00,SEM VÍTIMA,FINALIZADA,SANTO AMARO,AV NORTE,966,,EM FRENTE AO Nº 966,SANTO AMARO,,SUBURBIO,COLISÃO TRASEIRA,COLISÃO S/VITIMAS ENTRE UM ONIBUS E UM AUTO,1.0,,,,,1.0,,,,0.0,,Longo da via,Bom,Não existe,Perfeito estado,Seca,Perfeito estado,Não existe,R-6a,40 km/h,Dupla,Canteiro central,,
2020-01-31,15:24:00,SEM VÍTIMA,FINALIZADA,ILHA DO LEITE,VIADUTO CAPITAO TEMUDO,,,EM CIMA DO VIATUDO/ SENTIDO CIDADE,ILHA DO LEITE,,,COLISÃO,COLISÃO SEM VÍTIMA,1.0,1.0,,,,,,,,0.0,,,,,,,,,,,,,,
2020-01-31,15:50:00,SEM VÍTIMA,FINALIZADA,TORRÕES,AV ENGENHEIRO ABDIAS DE CARVALHO,,,EM FRENTE A CHESF,TORRÕES,,CIDADE,COLISÃO TRASEIRA,COLISÃO S/ VITIMAS ENTRE DOIS AUTOS,2.0,,,,,,,,,0.0,,Longo da via,Bom,Sem defeito,Perfeito estado,Seca,Perfeito estado,Agente,,,Dupla,Canteiro central,,
2020-01-31,16:37:00,SEM VÍTIMA,FINALIZADA,MUSTARDINHA,AV MUSTARDINHA,376,RUA APUCARANA,GRANJA GUERALDO DA GALINHA ( COMÉRCIO),MUSTARDINHA,,SUBURBIO,ABALROAMENTO TRANSVERSAL,COLISÃO SEM VÍTIMA,1.0,1.0,,,,,,,,0.0,,Cruzamento,Bom,Não existe,Incompleta,Seca,Mal conservada,Não existe,Não há placas,,Dupla,Não existe,,
2020-01-31,16:46:00,SEM VÍTIMA,FINALIZADA,TAMARINEIRA,RUA SEBASTIAO ALVES,273,,BOTECO E PARRILLA FAACA,TAMARINEIRA,,CIDADE,ABALROAMENTO LONGITUDINAL,COLISÃO SEM VITIMAS,2.0,,,,,,,,,0.0,,Longo da via,Bom,Não existe,Incompleta,Seca,Perfeito estado,Não existe,Não há placas,20 km/h,Única,Não existe,,
2020-01-31,16:53:00,SEM VÍTIMA,FINALIZADA,BOA VIAGEM,RUA SETUBAL,124,,EM FRENTE A DROGASIL E IGREJINHA DE BOA VIAGEM,BOA VIAGEM,419.0,,COLISÃO,COLISÃO SEM VÍTIMA,1.0,,,,,1.0,,,,0.0,,,,,,,,,,,,,,
2020-01-31,17:32:00,SEM VÍTIMA,FINALIZADA,IMBIRIBEIRA,AV MARECHAL MASCARENHAS DE MORAES,4741,,VALK IMPORT SERVICE,IMBIRIBEIRA,,CIDADE,COLISÃO TRASEIRA,ENTRE DOIS AUTOS S/V,2.0,,,,,,,,,0.0,,Longo da via,Bom,Não existe,Perfeito estado,Seca,Perfeito estado,Agente,Não há placas,60 km/h,Única,Faixa seccionada,,
2020-01-31,18:00:00,SEM VÍTIMA,FINALIZADA,VASCO DA GAMA,AV VEREADOR OTACILIO AZEVEDO,955,,EM FRENTE AO Nº 955,VASCO DA GAMA,,SUBURBIO,ABALROAMENTO LONGITUDINAL,ENTRE CAMINHÃO E AUTO PASSEIO. S.V,1.0,,,,,,1.0,,,0.0,,Longo da via,Bom,Não existe,Incompleta,Seca,Mal conservada,Não existe,R-6c,,Dupla,Faixa seccionada,,
2020-01-31,18:14:00,COM VÍTIMA,FINALIZADA,MADALENA,AV VISCONDE DE ALBUQUERQUE,,RUA LOPES DE CARVALHO,ASTRAL VEÍCULOS MULTIMARCAS,MADALENA,,CIDADE,ABALROAMENTO TRANSVERSAL,COLISAO COM VITIMAS,1.0,,,,,1.0,,,,1.0,,Cruzamento,Bom,Não existe,Perfeito estado,Seca,Perfeito estado,Não existe,Placas Pare,,Única,Faixa seccionada,,
2020-01-31,18:22:00,COM VÍTIMA,FINALIZADA,BOA VIAGEM,RUA PADRE LEANDRO CAMELO,279,RUA VISCONDE DE JEQUITINHONHA,E/F AO EDF CASABLANCA / AO LADO DO RESTAURANTE PARANOIA DO MAR,BOA VIAGEM,,SUBURBIO,CAPOTAMENTO,CONDUTOR PERDEU O CONTROLE DO VEÍCULO E ACABOU CAPOTANDO O CARRO ATÉ O CANAL. O AUTO PERMANECE NO CANAL. O MESMO SOLICITA A PRESENÇA DA CTTU NO LOCAL. S/V,1.0,,,,,,,,,1.0,,Longo da via,Bom,Não existe,Não existente,Seca,Perfeito estado,Não existe,Não há placas,,Única,Faixa seccionada,,
2020-01-31,19:02:00,SEM VÍTIMA,FINALIZADA,PINA,PTE AGAMENON MAGALHAES,,,PRÓXIMO AO CABANGA IATE CLUBE,PINA,,CIDADE,COLISÃO TRASEIRA,ENTRE 2 AUTOS. S/V,2.0,,,,,,,,,0.0,,,,,,,,,,,,,,
2020-01-31,19:36:00,SEM VÍTIMA,CANCELADA,CASA AMARELA,AV NORTE,6720,,E/F AO POSTO BR/ APOS A MATERNIDADE BARROS LIMA/ SENTIDO BR101,CASA AMARELA,,,COLISÃO,COLISAO SEM VITIMAS,2.0,,,,,,,,,0.0,,,,,,,,,,,,,,
2020-01-31,19:54:00,SEM VÍTIMA,FINALIZADA,GRAÇAS,AV GOVERNADOR AGAMENON MAGALHAES,,RUA JOAQUIM NABUCO,AO LADO DO HOSPITAL DA RESTAURAÇAÕ,GRAÇAS,174.0,,COLISÃO TRASEIRA,COLISAO SEM VITIMAS,1.0,,,,,,1.0,,,0.0,,Cruzamento,Bom,Sem defeito,Perfeito estado,Seca,Perfeito estado,Faixa de pedestre,Não há placas,60 km/h,Dupla,Faixa contínua,,
2020-01-31,20:20:00,SEM VÍTIMA,CANCELADA,GRAÇAS,AV RUI BARBOSA,965,RUA ALBERTO PAIVA,E/F A PEDRAGON / SEMÁFORO 305,GRAÇAS,,,COLISÃO,,1.0,1.0,,,,,,,,0.0,,,,,,,,,,,,,,
2020-01-31,22:33:00,SEM VÍTIMA,FINALIZADA,MADALENA,RUA ENGENHEIRO LEONARDO ARCOVERDE,,,AO LADO DO Nº 464,MADALENA,,SUBURBIO,CHOQUE VEÍCULO PARADO,VT DA GUARDA SE CHOCOU CONTRA DOIS AUTOS ESTACIONADOS. S/V,3.0,,,,,,,,,0.0,,Longo da via,Bom,Não existe,Incompleta,Seca,Perfeito estado,Não existe,Não há placas,,Dupla,Não existe,,
2020-01-31,23:53:00,SEM VÍTIMA,FINALIZADA,BOA VIAGEM,RUA RIBEIRO DE BRITO,972,RUA DOS NAVEGANTES,POR TRÁS DO HOLIDAY,BOA VIAGEM,,SUBURBIO,ABALROAMENTO TRANSVERSAL,COLISAO SEM VITIMAS,2.0,,,,,,,,,0.0,,Longo da via,Bom,Não existe,Perfeito estado,Seca,Perfeito estado,Faixa de retenção,Placas Pare,,Única,Faixa seccionada,,
2020-02-01,02:30:00,SEM VÍTIMA,FINALIZADA,BAIRRO DO RECIFE,AV MARQUES DE OLINDA,,CAIS DA ALFANDEGA,,BAIRRO DO RECIFE,165.0,SUBURBIO,ABALROAMENTO LONGITUDINAL,COLISÃO ENTRE AUTO E CAMINHÃO- SEM VÍTIMAS,1.0,,,,,,1.0,,,0.0,,Cruzamento,Bom,Intermitente,Perfeito estado,Seca,Perfeito estado,Faixa de pedestre,Não há placas,,,Faixa contínua,,
2020-02-01,08:10:00,SEM VÍTIMA,FINALIZADA,SANTO AMARO,AV NORTE,,RUA DA AURORA,,SANTO AMARO,243.0,SUBURBIO,ABALROAMENTO TRANSVERSAL,SEM VITIMAS,2.0,,,,,,,,,0.0,,Cruzamento,Chuvoso,Sem defeito,Perfeito estado,Molhada,Perfeito estado,Faixa de pedestre,R-25d,,Dupla,Faixa contínua,,
2020-02-01,08:10:00,SEM VÍTIMA,CANCELADA,IPSEP,AV RECIFE,2775,,E/F A LOJA IBEX (SENT. BR101),IPSEP,,,COLISÃO,COLISÃO S/VITIMAS ENTRE UM ONIBUS E UM AUTO,1.0,,,,,1.0,,,,0.0,,,,,,,,,,,,,,
2020-02-01,08:45:00,SEM VÍTIMA,FINALIZADA,IMBIRIBEIRA,RUA ITACARI,,RUA ITAJAI,ESQUINA COM A YNOVE,IMBIRIBEIRA,,CIDADE,ABALROAMENTO TRANSVERSAL,COLISÃO S/VITIMAS ENTRE DOIS AUTOS,2.0,,,,,,,,,0.0,,Cruzamento,Chuvoso,Não existe,Perfeito estado,Molhada,Perfeito estado,Faixa de pedestre,Placas Pare,,Única,Faixa contínua,,
2020-02-01,09:20:00,SEM VÍTIMA,FINALIZADA,SÃO JOSÉ,C SANTA RITA,,,AO LADO DO GRANDE RECIFE,SÃO JOSÉ,,SUBURBIO,CHOQUE OBJETO FIXO,AUTO CHOCOU-SE COM MURETA,1.0,,,,,,,,,0.0,,Longo da via,Chuvoso,Não existe,Perfeito estado,Molhada,Perfeito estado,Não existe,Não há placas,,Dupla,Canteiro central,,
2020-02-01,09:21:00,SEM VÍTIMA,FINALIZADA,DERBY,PRC DO DERBY,,,EM FRENTE AO MEMORIAL DA MEDICINA DE PERNAMBUCO,DERBY,418.0,CIDADE,ABALROAMENTO LONGITUDINAL,DOIS AUTOS,2.0,,,,,,,,,0.0,,Longo da via,Chuvoso,Sem defeito,Perfeito estado,Molhada,Perfeito estado,Faixa de pedestre,Outras,40 km/h,Única,Não existe,,
2020-02-01,09:38:00,SEM VÍTIMA,FINALIZADA,SAN MARTIN,RUA VINTE E UM DE ABRIL,31,,EM FRENTE AO DEPÓSITO DE BEBIDAS JÔ,SAN MARTIN,,SUBURBIO,CHOQUE VEÍCULO PARADO,CHOQUE EM VEICULO ESTACIONADO,2.0,,,,,,,,,0.0,,Longo da via,Bom,Não existe,Incompleta,Seca,Mal conservada,Não existe,Não há placas,,Dupla,Não existe,,
2020-02-01,10:15:00,SEM VÍTIMA,FINALIZADA,ENGENHO DO MEIO,RUA SALVADOR VITAL,231,,,ENGENHO DO MEIO,,,CHOQUE VEÍCULO PARADO,CHOQUE COM MURO,2.0,,,,,,,,,0.0,,Longo da via,Bom,Não existe,,Seca,Perfeito estado,Não existe,Não há placas,,Dupla,,,
2020-02-01,10:30:00,COM VÍTIMA,FINALIZADA,ÁGUA FRIA,EST VELHA DE AGUA FRIA,1755,,E/F A KI DELICIA E BR BOMBONIERE,ÁGUA FRIA,,CIDADE,COLISÃO TRASEIRA,COLICÃO C/VITIMA ENTRE UMA MOTO E UM AUTO (EVADIU-SE DO LOCAL)//(V.T 06 NO QTH),1.0,1.0,,,,,,,,1.0,,Longo da via,Bom,Não existe,Perfeito estado,Seca,Perfeito estado,Não existe,Não há placas,40 km/h,Única,Faixa seccionada,,
2020-02-01,10:57:00,SEM VÍTIMA,CANCELADA,MADALENA,RUA JOSE OSORIO,865,,EM FRENTE A AUTO CAR RECIFE,MADALENA,,,COLISÃO,DUAS MOTOS,,2.0,,,,,,,,0.0,,,,,,,,,,,,,,
2020-02-01,12:35:00,COM VÍTIMA,FINALIZADA,SÃO JOSÉ,RUA IMPERIAL,1194,,E/F PANIFICADORA PÃO PÃO,SÃO JOSÉ,,SUBURBIO,COLISÃO TRASEIRA,COLISAO COM VITIMAS,1.0,1.0,,,,,,,,2.0,,Longo da via,Bom,Não existe,Perfeito estado,Seca,Perfeito estado,Não existe,Outras,60 km/h,Única,Faixa seccionada,,
2020-02-01,12:56:00,SEM VÍTIMA,FINALIZADA,CASA AMARELA,RUA PADRE LEMOS,319,,EM FRENTE A CAIXA ECONÔMICA FEDERAL,CASA AMARELA,,SUBURBIO,ABALROAMENTO LONGITUDINAL,COLISÃO SEM VÍTIMA,2.0,,,,,,,,,0.0,,Longo da via,Bom,Não existe,Perfeito estado,Seca,Mal conservada,Não existe,R-6a,,Dupla,Não existe,,
2020-02-01,13:49:00,SEM VÍTIMA,FINALIZADA,IMBIRIBEIRA,AV MARECHAL MASCARENHAS DE MORAES,,,SOB O SEMÁFORO 218,IMBIRIBEIRA,218.0,SUBURBIO,COLISÃO TRASEIRA,COLISAO SEM VITIMAS,1.0,1.0,,,,,,,,0.0,,Longo da via,Bom,Com defeito,Perfeito estado,Seca,Perfeito estado,Faixa de pedestre,Outras,60 km/h,Dupla,Canteiro central,,
2020-02-01,16:50:00,SEM VÍTIMA,FINALIZADA,CURADO,AV PREFEITO ANTONIO PEREIRA,,RUA MINISTRO MARIO ANDREAZZA,,CURADO,,,ABALROAMENTO TRANSVERSAL,COLISÃO SEM VÍTIMA,1.0,1.0,,,,,,,,0.0,,,Bom,Não existe,Não existente,Seca,Perfeito estado,Não existe,Não há placas,,Única,Não existe,,
2020-02-01,17:51:00,COM VÍTIMA,FINALIZADA,BOA VIAGEM,RUA COSMORAMA,,AV ARMINDO MOURA,AO LADO DA VILA MILITAR DA AERONAUTICA/ PROX AO COMAR,BOA VIAGEM,441.0,SUBURBIO,COLISÃO COM CICLISTA,AUTO E BICICLETA.,1.0,,,1.0,,,,,,1.0,,Cruzamento,Bom,Sem defeito,Perfeito estado,Seca,Perfeito estado,Faixa de pedestre,,,,,,
2020-02-01,18:53:00,SEM VÍTIMA,FINALIZADA,BAIRRO DO RECIFE,AV ALFREDO LISBOA,,,POSTO BR,BAIRRO DO RECIFE,,SUBURBIO,ABALROAMENTO LONGITUDINAL,CAMINHÃO X AUTO PASSEIO S/V,1.0,,,,,,1.0,,,0.0,,Longo da via,Bom,Não existe,Perfeito estado,Seca,Perfeito estado,Não existe,Não há placas,30 km/h,Única,Faixa contínua,,
2020-02-01,22:15:00,COM VÍTIMA,FINALIZADA,BOA VIAGEM,AV ENGENHEIRO DOMINGOS FERREIRA,844,,EMPRESARIAL DOMIGOS FERREIRAS,BOA VIAGEM,,SUBURBIO,ATROPELAMENTO,MOTO X PEDESTRE,,1.0,,,1.0,,,,,2.0,,Longo da via,Bom,Não existe,Perfeito estado,Seca,Perfeito estado,Não existe,Não há placas,,Única,Canteiro central,,
2020-02-01,22:27:00,SEM VÍTIMA,FINALIZADA,BREJO DA GUABIRABA,RUA Z,8,,ECO POSTOS,BREJO DA GUABIRABA,,SUBURBIO,ABALROAMENTO LONGITUDINAL,ENTRE AUTO PASSEIO X CAMINHÃO,1.0,,,,,,1.0,,,0.0,,Longo da via,Bom,Não existe,Não existente,Seca,Mal conservada,Não existe,Não há placas,,Dupla,Não existe,,
2020-02-01,22:48:00,COM VÍTIMA,FINALIZADA,CAJUEIRO,AV BEBERIBE,3331,,ENF ACADEMIA DA CIDADE,CAJUEIRO,388.0,SUBURBIO,ABALROAMENTO TRANSVERSAL,DUAS MOTOS,,2.0,,,,,,,,1.0,,Cruzamento,Bom,Sem defeito,Perfeito estado,Seca,Perfeito estado,Faixa de pedestre,Não há placas,,Dupla,Canteiro central,,
2020-02-01,23:47:00,COM VÍTIMA,FINALIZADA,MADALENA,RUA REAL DA TORRE,361,RUA MANUEL BEZERRA,PROX AO TUNEL DA ABOLIÇAO,MADALENA,237.0,,COLISÃO,MOTO X FOX BRANCO,1.0,1.0,,,,,,,,1.0,,,,,,,,,,,,,,
2020-02-02,00:20:00,SEM VÍTIMA,FINALIZADA,BOA VIAGEM,RUA DOS NAVEGANTES,,RUA ERNESTO DE PAULA SANTOS,,BOA VIAGEM,,SUBURBIO,ABALROAMENTO TRANSVERSAL,COLISÃO ENTRE DOIS AUTOS- S/V,2.0,,,,,,,,,0.0,,Cruzamento,Bom,Não existe,Perfeito estado,Seca,Perfeito estado,Não existe,Placas Pare,,Única,Faixa seccionada,,
2020-02-02,07:53:00,COM VÍTIMA,FINALIZADA,CAXANGÁ,AV JOAQUIM RIBEIRO,740,,AGUA MINERAL CAXANGA,CAXANGÁ,,SUBURBIO,COLISÃO COM CICLISTA,COLISAO COM VITIMA. VEICULO E CICLISTA,1.0,,,1.0,,,,,,1.0,,Longo da via,Chuvoso,Não existe,Perfeito estado,Seca,Perfeito estado,Não existe,Não há placas,,Dupla,Canteiro central,,
2020-02-02,08:32:00,SEM VÍTIMA,FINALIZADA,MACAXEIRA,AV NORTE,7051,,POSTO SOLAR,MACAXEIRA,,CIDADE,COLISÃO TRASEIRA,SEM VITIMAS,2.0,,,,,,,,,0.0,,Longo da via,Bom,Sem defeito,Perfeito estado,Seca,Perfeito estado,Outros,Outras,60 km/h,Única,Faixa seccionada,,