data,hora,natureza_acidente,situacao,bairro,endereco,numero,detalhe_endereco_acidente,complemento,bairro_cruzamento,num_semaforo,sentido_via,tipo,descricao,auto,moto,ciclom,ciclista,pedestre,onibus,caminhao,viatura,outros,vitimas,vitimasfatais,acidente_verificado,tempo_clima,situacao_semaforo,sinalizacao,condicao_via,conservacao_via,ponto_controle,situacao_placa,velocidade_max_via,mao_direcao,divisao_via1,divisao_via2,divisao_via3
2020-02-06,11:24:00,SEM VÍTIMA,FINALIZADA,ROSARINHO,RUA REGUEIRA COSTA,352,,EM FRENTE AO SEU REGUEIRA,ROSARINHO,,CIDADE,CHOQUE VEÍCULO PARADO,COLISAO S/ VITIMA. ENTRE DOIS VEICULOS,1.0,,,,,,,,1.0,0.0,,Longo da via,Bom,Não existe,Não existente,Seca,Perfeito estado,Não existe,Não há placas,,Única,Canteiro central,,
2020-02-06,11:29:00,SEM VÍTIMA,CANCELADA,TORRE,AV BEIRA RIO,,,PONTE DA TORRE,TORRE,630.0,,ENGAVETAMENTO,SEM VITIMAS,3.0,,,,,,,,,0.0,,,,,,,,,,,,,,
2020-02-06,12:16:00,SEM VÍTIMA,FINALIZADA,IMBIRIBEIRA,AV MARECHAL MASCARENHAS DE MORAES,,,EM FRENTE A UPA IMBIRIBEIRA,IMBIRIBEIRA,310.0,CIDADE,COLISÃO TRASEIRA,COLISÃO S/VITIMAS ENTRE TRES AUTOS,3.0,,,,,,,,,0.0,,Longo da via,Bom,Sem defeito,Perfeito estado,Seca,Perfeito estado,Faixa de pedestre,Outras,,Dupla,Faixa contínua,Canteiro central,
2020-02-06,12:18:00,COM VÍTIMA,FINALIZADA,BOA VIAGEM,RUA MARIO SOUTO MAIOR,2554,,EDF SENZADA DO SUASSUNA,BOA VIAGEM,,SUBURBIO,ABALROAMENTO TRANSVERSAL,COLISÃO COM VÍTIMA,1.0,1.0,,,,,,,,1.0,,Longo da via,Bom,Não existe,Perfeito estado,Seca,Perfeito estado,Não existe,Placas Pare,,Dupla,Faixa seccionada,,
2020-02-06,12:26:00,SEM VÍTIMA,CANCELADA,ILHA DO RETIRO,RUA BENFICA,,,SAIDA DO TUNEL CHICO SCIENCE,ILHA DO RETIRO,,,COLISÃO,COLISÃO SEM VITIMA,1.0,,,,,,1.0,,,0.0,,,,,,,,,,,,,,
2020-02-06,12:31:00,SEM VÍTIMA,FINALIZADA,SANTO AMARO,AV CRUZ CABUGA,,BEC DOS CASADOS,AO LADO DA PRAÇA GENERAL CARLOS PINTO,SANTO AMARO,202.0,CIDADE,COLISÃO TRASEIRA,COLISÃO S/VITIMAS ENTRE UM ONIBUS E UM AUTO (GM RONILDO E HENRIQUE PEREIRA NO QTH),1.0,,,,,1.0,,,,0.0,,Longo da via,Bom,Sem defeito,Perfeito estado,Seca,Perfeito estado,Agente,,,Dupla,Blocos,,
2020-02-06,13:27:00,SEM VÍTIMA,FINALIZADA,IMBIRIBEIRA,VIADUTO TANCREDO NEVES,,,,IMBIRIBEIRA,,SUBURBIO,COLISÃO TRASEIRA,COLISÃO S/VITIMAS ENTRE DOIS AUTOS,2.0,,,,,,,,,0.0,,Viaduto,Bom,Não existe,Perfeito estado,Seca,Perfeito estado,Não existe,Não há placas,60 km/h,Dupla,Faixa seccionada,Canteiro central,
2020-02-06,13:48:00,SEM VÍTIMA,CANCELADA,ÁGUA FRIA,RUA SAO SEBASTIAO,76,,PROX AO MERCADO DE ÁGUA FRIA,ÁGUA FRIA,,,COLISÃO,COLISÃO S/VITIMAS ENTRE DOIS AUTOS,2.0,,,,,,,,,0.0,,,,,,,,,,,,,,
2020-02-06,14:21:00,SEM VÍTIMA,FINALIZADA,BOA VIAGEM,AV ENGENHEIRO DOMINGOS FERREIRA,,RUA ARTUR MUNIZ,SPETTUS STEAK HOUSE,BOA VIAGEM,380.0,SUBURBIO,COLISÃO TRASEIRA,COLISAO SEM VITIMAS,2.0,,,,,,,,,0.0,,Longo da via,Bom,Sem defeito,Perfeito estado,Seca,Perfeito estado,Faixa de pedestre,Não há placas,60 km/h,Única,Faixa seccionada,,
2020-02-06,14:21:00,SEM VÍTIMA,FINALIZADA,ESPINHEIRO,AV GOVERNADOR AGAMENON MAGALHAES,,,EM FRENTE AO CIRCULO MILITAR,ESPINHEIRO,,,COLISÃO TRASEIRA,SEM VITIMAS,4.0,,,,,,,,,0.0,,Longo da via,Bom,Não existe,Perfeito estado,Seca,Perfeito estado,Outros,Outras,60 km/h,Dupla,Faixa contínua,Faixa seccionada,Canteiro central
2020-02-06,14:22:00,COM VÍTIMA,FINALIZADA,IPSEP,AV RECIFE,2802,,AO LADO DA MARAVILHA MOTOS/ SENTIDO CEASA,IPSEP,16.0,CIDADE,ABALROAMENTO LONGITUDINAL,COLISÃO COM VÍTIMA/ COELHO DE PO ESTA NO LOCAL,1.0,1.0,,,,,,,,2.0,,Longo da via,Bom,Sem defeito,Perfeito estado,Seca,Perfeito estado,Agente,R-6a,60 km/h,Dupla,Canteiro central,,
2020-02-06,15:03:00,COM VÍTIMA,FINALIZADA,BAIRRO DO RECIFE,CAIS DO APOLO,,,E/F AO TRIBUNAL REGIONAL FEDERAL,BAIRRO DO RECIFE,,SUBURBIO,ABALROAMENTO LONGITUDINAL,COLISAO COM VITIMAS,1.0,1.0,,,,,,,,1.0,,Longo da via,Bom,Não existe,Incompleta,Seca,Perfeito estado,Não existe,Não há placas,,Dupla,Canteiro central,,
2020-02-06,15:10:00,SEM VÍTIMA,FINALIZADA,BARRO,AV DR JOSE RUFINO,2241,,AO LADO DO COLÉGIO,BARRO,,SUBURBIO,ABALROAMENTO TRANSVERSAL,COLISÃO SEM VÍTIMA,1.0,,,,,1.0,,,,0.0,,Longo da via,Bom,Sem defeito,Perfeito estado,Seca,Perfeito estado,Faixa de pedestre,Outras,60 km/h,Dupla,Faixa contínua,,
2020-02-06,15:37:00,SEM VÍTIMA,FINALIZADA,TAMARINEIRA,EST DO ARRAIAL,,,EM FRENTE AO EXTRA BOM,TAMARINEIRA,,SUBURBIO,ABALROAMENTO LONGITUDINAL,COLISÃO SEM VÍTIMA,2.0,,,,,,,,,0.0,,Longo da via,Bom,Não existe,Perfeito estado,Seca,Perfeito estado,Não existe,Não há placas,,Única,Faixa seccionada,,
2020-02-06,15:58:00,SEM VÍTIMA,FINALIZADA,SÃO JOSÉ,AV SUL,25,RUA PADRE JOSE DE SA LEITAO,,SÃO JOSÉ,509.0,CIDADE,COLISÃO TRASEIRA,COLISÃO S/VITIMAS ENTRE UMA MOTO E UM AUTO,1.0,1.0,,,,,,,,0.0,,Longo da via,Bom,Sem defeito,Perfeito estado,Seca,Perfeito estado,Faixa de pedestre,Não há placas,60 km/h,Dupla,Faixa seccionada,Canteiro central,
2020-02-06,16:00:00,SEM VÍTIMA,FINALIZADA,BOA VISTA,RUA DOM BOSCO,,,AO LADO DO COLÉGIO SALESIANO,BOA VISTA,,SUBURBIO,COLISÃO TRASEIRA,COLISÃO SEM VÍTIMA,1.0,,,,,1.0,,,,0.0,,Longo da via,Bom,Sem defeito,Perfeito estado,Seca,Perfeito estado,Faixa de pedestre,,,Única,Faixa seccionada,,
2020-02-06,16:05:00,COM VÍTIMA,FINALIZADA,PRADO,RUA GOMES TABORDA,620,,EM FRENTE A DILUB LUBRIFICANTES,PRADO,,CIDADE,CHOQUE VEÍCULO PARADO,COLISÃO COM VÍTIMA,2.0,,,,,,,,,2.0,,Longo da via,Bom,Não existe,Perfeito estado,Seca,Perfeito estado,Não existe,Outras,40 km/h,Dupla,Faixa seccionada,,
2020-02-06,16:16:00,SEM VÍTIMA,FINALIZADA,IBURA,AV DOIS RIOS,1201,RUA RIO XINGU,POSTO DE COMBUSTÍVEL BR,IBURA,351.0,SUBURBIO,COLISÃO FRONTAL,COLISÃO S/VITIMAS ENTRE DUAS MOTOS,,2.0,,,,,,,,0.0,,Longo da via,Bom,Sem defeito,Perfeito estado,Seca,Perfeito estado,Faixa de pedestre,Outras,,Dupla,Faixa contínua,,
2020-02-06,16:20:00,COM VÍTIMA,FINALIZADA,IMBIRIBEIRA,AV MARECHAL MASCARENHAS DE MORAES,,,NO TRECHO ENTRE O AEROPORTO ATÉ A HOTEL IBIS E O EDF. GARAGEM DO AEROPORTO- EMBAIXO DA ALÇA DE RETORNO DO AEROPORTO,IMBIRIBEIRA,,SUBURBIO,ABALROAMENTO TRANSVERSAL,COLISÃO COM VÍTIMA ENTRE TRÊS VEICULOS,1.0,1.0,,,,,1.0,,,1.0,,Longo da via,Bom,Não existe,Perfeito estado,Seca,Perfeito estado,,Não há placas,60 km/h,Única,,,
2020-02-06,16:24:00,SEM VÍTIMA,FINALIZADA,JORDÃO,AV MARIA IRENE,255,,FRENTE AO ATACAREJO JORDÃO,JORDÃO,,CIDADE,COLISÃO TRASEIRA,COLISAO SEM VITIMAS,2.0,,,,,,,,,0.0,,Longo da via,Bom,Não existe,Perfeito estado,Seca,Perfeito estado,Faixa de pedestre,R-6a,,Dupla,Faixa contínua,,
2020-02-06,16:26:00,COM VÍTIMA,FINALIZADA,ÁGUA FRIA,RUA MANOEL SILVA,22,,,ÁGUA FRIA,,CIDADE,ATROPELAMENTO,MOTO E PEDESTRE.,,1.0,,,1.0,,,,,2.0,,Longo da via,Bom,Não existe,Não existente,Seca,Mal conservada,Não existe,Não há placas,,Dupla,Não existe,,
2020-02-06,16:35:00,SEM VÍTIMA,CANCELADA,AFLITOS,AV CONS ROSA E SILVA,1305,,LADO OPOSTO DO THE BRITISH COUNTRY CLUB/ NO ESTACIONAMENTO DA PARLA DELI,AFLITOS,,,COLISÃO,SEM VITIMA,1.0,1.0,,,,,,,,0.0,,,,,,,,,,,,,,
2020-02-06,16:56:00,COM VÍTIMA,DUPLICIDADE,IMBIRIBEIRA,AV MARECHAL MASCARENHAS DE MORAES,,,E/F AO AEROPORTO DO RECIFE (SENT. PRAZERES),IMBIRIBEIRA,,,COLISÃO,COLISÃO C/VITIMAS ENTRE UMA MOTO-UM AUTO E UM CAMINHÃO (V.T23 E V.T 20 NO QTH),1.0,1.0,,,,,1.0,,,1.0,,,,,,,,,,,,,,
2020-02-06,17:25:00,SEM VÍTIMA,FINALIZADA,,RUA DO HOSPICIO,,RUA PRINCESA IZABEL,EM FRENTE A CAMARA DE VEREADORES,,,CIDADE,COLISÃO TRASEIRA,COLISÃO SEM VÍTIMA,1.0,1.0,,,,,,,,0.0,,Longo da via,Bom,Sem defeito,Perfeito estado,Seca,,Não existe,,,Dupla,Não existe,,
2020-02-06,17:29:00,SEM VÍTIMA,CANCELADA,IMBIRIBEIRA,AV MARECHAL MASCARENHAS DE MORAES,,,E/F A HONDA/ AEROPORTO,IMBIRIBEIRA,,,COLISÃO,COLISAO SEM VITIMAS,2.0,,,,,,,,,0.0,,,,,,,,,,,,,,
2020-02-06,18:06:00,COM VÍTIMA,FINALIZADA,DOIS IRMÃOS,RUA DOIS IRMAOS,,,AO LADO DO CAMPO DA UNIVERSIDADE DA RURAL,DOIS IRMÃOS,,SUBURBIO,COLISÃO COM CICLISTA,ENTRE BICICLETA E CAMINHÃO. C/V,,,,1.0,,,1.0,,,1.0,,Longo da via,Bom,Não existe,Incompleta,Seca,Mal conservada,Não existe,Não há placas,,Dupla,Não existe,,
2020-02-06,18:11:00,SEM VÍTIMA,CANCELADA,BOA VIAGEM,AVENIDA CELSO FURTADO (VIA MANGUE),,,PROXIMO UMA LOMBADA ELETRONICA/ STD BOA VIAGEM,BOA VIAGEM,,,ENGAVETAMENTO,TRÊS AUTOS S/V,3.0,,,,,,,,,0.0,,,,,,,,,,,,,,
2020-02-06,18:21:00,SEM VÍTIMA,FINALIZADA,JAQUEIRA,AV CONS ROSA E SILVA,,RUA NETO DE MENDONCA,PADARIA JAQUEIRA,JAQUEIRA,,SUBURBIO,ABALROAMENTO LONGITUDINAL,ENTRE ÕNIBUS E AUTO. S/V,1.0,,,,,1.0,,,,0.0,,Longo da via,Bom,Não existe,,Seca,Perfeito estado,Não existe,Outras,,Única,Faixa contínua,,
2020-02-06,18:31:00,SEM VÍTIMA,FINALIZADA,PINA,AV REPUBLICA ARABE UNIDA,,,16º BATALHÃO DA POLÍCIA MILITAR,PINA,,CIDADE,ABALROAMENTO LONGITUDINAL,ENTRE 2 AUTOS. S/V,2.0,,,,,,,,,0.0,,Longo da via,Bom,Não existe,Perfeito estado,Seca,Perfeito estado,Faixa de pedestre,,,Única,Não existe,,
2020-02-06,18:33:00,SEM VÍTIMA,FINALIZADA,MACAXEIRA,AV NORTE,,,EM FRENTE AO SEMÁFORO 596,MACAXEIRA,596.0,CIDADE,COLISÃO TRASEIRA,ENTRE DOIS AUTOS S/V,2.0,,,,,,,,,0.0,,Longo da via,Bom,Sem defeito,Perfeito estado,Seca,Perfeito estado,Não existe,Não há placas,,Dupla,Faixa seccionada,,
2020-02-06,19:30:00,COM VÍTIMA,FINALIZADA,SANTO AMARO,AV MARIO MELO,,RUA SAO GERALDO,E/F AO COLEGIO SYLVIO RABELLO,SANTO AMARO,,SUBURBIO,ABALROAMENTO LONGITUDINAL,ENTRE MT-41 X MOTO COM VÍTIMA,,2.0,,,,,,,,2.0,,Esquina,Bom,Não existe,Perfeito estado,Seca,Perfeito estado,Faixa de pedestre,Placas Pare,,Dupla,Faixa seccionada,Canteiro central,Outros
2020-02-06,20:04:00,SEM VÍTIMA,FINALIZADA,SANTO AMARO,AV JOAO DE BARROS,,RUA DR CARLOS CHAGAS,,SANTO AMARO,,,ABALROAMENTO TRANSVERSAL,ENTRE AUTO PASSEIO X MOTO COM VÍTIMA,1.0,1.0,,,,,,,,0.0,,Longo da via,Bom,Não existe,Perfeito estado,Seca,Perfeito estado,Outros,Outras,,Única,Faixa seccionada,Blocos,
2020-02-06,20:12:00,SEM VÍTIMA,CANCELADA,IMBIRIBEIRA,AV MARECHAL MASCARENHAS DE MORAES,,,PRÓX A UPA- SNT PRAZERES / E/F AO DR,IMBIRIBEIRA,,,COLISÃO,ÕNIBUS X AUTO PASSEIO. S/V,1.0,,,,,1.0,,,,0.0,,,,,,,,,,,,,,
2020-02-07,08:01:00,COM VÍTIMA,FINALIZADA,SANTO AMARO,AV PREFEITO ARTUR LIMA CAVALCANTI,,RUA AURORA,APOS A PONTE,SANTO AMARO,243.0,OLINDA,COLISÃO,COLISAO COM VITIMA// VEICULO E MOTO. VT: 21 E 08 GM: MAXUEL E PETERSON NO LOCAL,1.0,1.0,,,,,,,,1.0,,Longo da via,Bom,Não existe,Perfeito estado,Seca,Perfeito estado,Não existe,Outras,,Dupla,Canteiro central,,
2020-02-07,08:03:00,SEM VÍTIMA,FINALIZADA,PINA,RUA MANOEL CORIOLANO,378,,EM FRENTE AO ESTACIONAMENTO SANPARK,PINA,,,COLISÃO FRONTAL,MOTO E AUTO,1.0,1.0,,,,,,,,0.0,,Longo da via,Bom,Não existe,Perfeito estado,Seca,Perfeito estado,Não existe,,30 km/h,Dupla,Faixa contínua,,
2020-02-07,07:55:00,SEM VÍTIMA,FINALIZADA,JARDIM SÃO PAULO,RUA ITALACY,188,,IGREJA ASSEMBLEIA DE DEUS,JARDIM SÃO PAULO,,,CHOQUE VEÍCULO PARADO,SEM VITIMAS,1.0,,,,,,1.0,,,0.0,,Longo da via,Bom,Não existe,,Seca,Perfeito estado,,,,Dupla,Não existe,,
2020-02-07,08:04:00,COM VÍTIMA,FINALIZADA,MANGUEIRA,RUA MANOEL DE ALBUQUERQUE FERNANDES,1364,RUA VICENTE RIBEIRO DE BARROS,E/F DROGARIA BONGI,MANGUEIRA,,CIDADE,ATROPELAMENTO,AUTO,1.0,,,,1.0,,,,,1.0,,Longo da via,Bom,Não existe,Não existente,Seca,Perfeito estado,Não existe,Não há placas,,Dupla,Não existe,,
2020-02-07,08:55:00,SEM VÍTIMA,FINALIZADA,SANTO AMARO,AV NORTE,627,,,SANTO AMARO,,CIDADE,COLISÃO TRASEIRA,COLISÃO S/VITIMAS ENTRE UM ONIBUS E UM AUTO (BATEDOR FELISBERTO NO QTH),1.0,,,,,1.0,,,,0.0,,Longo da via,Bom,Não existe,Perfeito estado,Seca,Perfeito estado,Não existe,Não há placas,60 km/h,Dupla,Canteiro central,,
2020-02-07,09:08:00,SEM VÍTIMA,FINALIZADA,MADALENA,RUA REAL DA TORRE,955,RUA COSTA GOMES,EDF MARIA CAROLINA MONTENEGRO,MADALENA,,CIDADE,ABALROAMENTO LONGITUDINAL,SEM VITIMAS,2.0,,,,,,,,,0.0,,Longo da via,Bom,Não existe,Perfeito estado,Seca,Perfeito estado,Não existe,Placas Pare,,Única,Faixa seccionada,,
2020-02-07,09:11:00,SEM VÍTIMA,FINALIZADA,SÃO JOSÉ,AV SUL,,,PRÓX. A SECRETARIA DA FAZENDA,SÃO JOSÉ,,CIDADE,COLISÃO TRASEIRA,COLISAO S/ VITIMA. ENTRE DOIS VEICULOS,2.0,,,,,,,,,0.0,,Longo da via,Bom,Não existe,Perfeito estado,Seca,Perfeito estado,Não existe,Não há placas,,Dupla,Faixa seccionada,Canteiro central,
2020-02-07,09:39:00,SEM VÍTIMA,FINALIZADA,AFOGADOS,RUA SAO MIGUEL,432,,,AFOGADOS,,CIDADE,ABALROAMENTO LONGITUDINAL,COLISÃO S/VITIMAS ENTRE UM CAMINHÃO E UM AUTO (V.T 17 NO QTH),1.0,,,,,1.0,,,,0.0,,Longo da via,Bom,Não existe,Perfeito estado,Seca,Perfeito estado,Não existe,Não há placas,,Dupla,Faixa contínua,,
2020-02-07,11:18:00,SEM VÍTIMA,FINALIZADA,BOA VIAGEM,AV DOM JOAO VI,968,,BIG BOMPREÇO,BOA VIAGEM,670.0,CIDADE,ABALROAMENTO LONGITUDINAL,COLISÃO S/VITIMAS ENTRE UM CAMINHÃO E UM AUTO,1.0,,,,,,1.0,,,0.0,,Longo da via,Bom,Sem defeito,Perfeito estado,Seca,Perfeito estado,Não existe,Não há placas,,Dupla,Canal,,
2020-02-07,11:53:00,SEM VÍTIMA,FINALIZADA,IMBIRIBEIRA,AV MARECHAL MASCARENHAS DE MORAES,5001,,MOTO HOUSE,IMBIRIBEIRA,,CIDADE,ABALROAMENTO LONGITUDINAL,COLISÃO S/VITIMAS ENTRE UM ONIBUS E UM AUTO,1.0,,,,,1.0,,,,0.0,,Longo da via,Bom,Não existe,Perfeito estado,Seca,Perfeito estado,Não existe,Outras,60 km/h,Dupla,Faixa contínua,Faixa seccionada,Canteiro central
2020-02-07,11:57:00,COM VÍTIMA,FINALIZADA,MADALENA,AV BEIRA RIO,1041,,EM FRENTE AO EDF ENGENHO MADALENA,MADALENA,,TORRE,ABALROAMENTO LONGITUDINAL,COM UMA VITIMA AGUARDANDO SAMU,1.0,1.0,,,,,,,,1.0,,Longo da via,Bom,Não existe,Perfeito estado,Seca,,Não existe,Não há placas,30 km/h,Dupla,Faixa seccionada,,
2020-02-07,11:57:00,SEM VÍTIMA,FINALIZADA,ARRUDA,RUA DO MACHADO,,RUA MANOEL SILVA,,ARRUDA,,,ABALROAMENTO TRANSVERSAL,COLISAO S/ VITIMA ENTRE DOIS VEICULOS,2.0,,,,,,,,,0.0,,Cruzamento,Bom,Não existe,Perfeito estado,Seca,Perfeito estado,Faixa de retenção,Placas Pare,,Dupla,Faixa seccionada,,
2020-02-07,12:19:00,SEM VÍTIMA,FINALIZADA,IMBIRIBEIRA,AV MARECHAL MASCARENHAS DE MORAES,2156,RUA NAPOLIS,,IMBIRIBEIRA,,SUBURBIO,ABALROAMENTO LONGITUDINAL,COLISAO SEM VITIMAS,1.0,,,,,,1.0,,,0.0,,Cruzamento,Bom,Não existe,Perfeito estado,Seca,Perfeito estado,Não existe,Não há placas,60 km/h,Dupla,Canteiro central,,
2020-02-07,12:29:00,SEM VÍTIMA,FINALIZADA,DERBY,AV GOVERNADOR AGAMENON MAGALHAES,,RUA HENRIQUE DIAS,SOB O SEMÁFORO 068,DERBY,68.0,SUBURBIO,COLISÃO TRASEIRA,QUATROS AUTOS S/V,4.0,,,,,,,,,0.0,,Cruzamento,Bom,Sem defeito,Perfeito estado,Seca,Perfeito estado,,Outras,60 km/h,Única,Faixa seccionada,,
2020-02-07,12:35:00,SEM VÍTIMA,FINALIZADA,DERBY,AV GOVERNADOR AGAMENON MAGALHAES,,,E/F A PRAÇA DO DERBY,DERBY,75.0,CIDADE,ABALROAMENTO LONGITUDINAL,COLISAO SEM VITIMAS,1.0,,,,,1.0,,,,0.0,,Longo da via,Bom,Sem defeito,Perfeito estado,Seca,Perfeito estado,Não existe,Não há placas,60 km/h,Dupla,Canteiro central,,
2020-02-07,13:05:00,SEM VÍTIMA,FINALIZADA,PARNAMIRIM,RUA JOAO TUDE DE MELO,,,E/F AO SHOPPING PARNAMIRIM,PARNAMIRIM,,SUBURBIO,COLISÃO TRASEIRA,COLISAO SEM VITIMAS,3.0,,,,,,,,,0.0,,Longo da via,Bom,Não existe,Perfeito estado,Seca,Perfeito estado,Não existe,Não há placas,40 km/h,Dupla,Canteiro central,,
2020-02-07,13:14:00,SEM VÍTIMA,FINALIZADA,IMBIRIBEIRA,RUA SARGENTO SILVINO DE MACEDO,481,,EM FRENTE AO CAMPO,IMBIRIBEIRA,,SUBURBIO,COLISÃO TRASEIRA,COLISAO SEM VITIMAS,2.0,,,,,,,,,0.0,,Longo da via,Bom,Não existe,Não existente,Seca,Perfeito estado,Não existe,Não há placas,,Dupla,Não existe,,
2020-02-07,13:17:00,COM VÍTIMA,FINALIZADA,ILHA DO LEITE,AV GOVERNADOR AGAMENON MAGALHAES,4581,RUA GENERAL JOAQUIM INACIO,,ILHA DO LEITE,69.0,CIDADE,COLISÃO TRASEIRA,COLISÃO COM VITIMA,1.0,1.0,,,,,,,,1.0,,Longo da via,Bom,Sem defeito,Perfeito estado,Seca,Perfeito estado,Agente,Outras,60 km/h,Dupla,Canal,,
2020-02-07,13:50:00,SEM VÍTIMA,CANCELADA,CASA AMARELA,RUA FERNANDO DE SOUZA CAETE,301,,E/F A PRAÇA DO TRABALHO,CASA AMARELA,,,CHOQUE OBJETO FIXO,VEICULO COLIDIU COM A PAREDE/ VEICULO DA DICON E SEMOC,1.0,,,,,,,,,0.0,,,,,,,,,,,,,,
2020-02-07,14:23:00,SEM VÍTIMA,FINALIZADA,AREIAS,AV RECIFE,,AV CAPITAO GREGORIO DE CALDAS,BIG BROMPREÇO,AREIAS,494.0,SUBURBIO,ABALROAMENTO TRANSVERSAL,COLISAO SEM VITIMAS,1.0,,,,,1.0,,,,0.0,,Longo da via,Bom,Sem defeito,Perfeito estado,Seca,Perfeito estado,Faixa de pedestre,Outras,,Única,Faixa seccionada,,
2020-02-07,14:51:00,SEM VÍTIMA,FINALIZADA,BOA VISTA,RUA DA SOLEDADE,,,SOB O SEMÁFORO Nº 220,BOA VISTA,220.0,SUBURBIO,ABALROAMENTO LONGITUDINAL,ENTRE DOIS AUTOS S/V,2.0,,,,,,,,,0.0,,Longo da via,Bom,Sem defeito,Perfeito estado,Seca,Perfeito estado,Faixa de pedestre,R-6a,,Única,Não existe,,
2020-02-07,14:57:00,COM VÍTIMA,FINALIZADA,IMBIRIBEIRA,RUA ITAJAI,,RUA ITACARI,PPR TRÁS DA MOVIDA/ AO LADO DO ITAU,IMBIRIBEIRA,,SUBURBIO,ABALROAMENTO LONGITUDINAL,ENTRE AUTO PASSEIO X MOTO COM VÍTIMA,1.0,1.0,,,,,,,,1.0,,Cruzamento,Bom,Não existe,Perfeito estado,Seca,Perfeito estado,Não existe,Não há placas,,Única,Faixa contínua,,
2020-02-07,15:11:00,SEM VÍTIMA,FINALIZADA,AFOGADOS,RUA SANTOS ARAUJO,,,POSTO BRAZ PETRO,AFOGADOS,333.0,,COLISÃO TRASEIRA,ENTRE AUTO PASSEIO X MOTO S/V,1.0,1.0,,,,,,,,0.0,,Longo da via,Bom,Sem defeito,Perfeito estado,Seca,Perfeito estado,Faixa de pedestre,Outras,,Única,Faixa seccionada,,
2020-02-07,15:14:00,COM VÍTIMA,FINALIZADA,BOA VISTA,RUA DO PROGRESSO,465,RUA GONCALVES MAIA,E/F AO CONSULADO AMERICANO. VILLA EMPRESARIAL BOA VISTA.,BOA VISTA,,AV. MANOEL BORBA,ABALROAMENTO LONGITUDINAL,COLISAO COM VITIMAS,1.0,1.0,,,,,,,,1.0,,Cruzamento,Bom,Não existe,Incompleta,Seca,Perfeito estado,Não existe,Outras,40 km/h,Única,Não existe,,
2020-02-07,15:44:00,SEM VÍTIMA,FINALIZADA,BOA VIAGEM,AV CONSELHEIRO AGUIAR,,RUA CORONEL BENEDITO CHAVES,,BOA VIAGEM,114.0,,ABALROAMENTO TRANSVERSAL,COLISAO SEM VITIMAS,2.0,,,,,,,,,0.0,,Cruzamento,Bom,Sem defeito,Perfeito estado,Seca,Perfeito estado,Faixa de pedestre,Outras,60 km/h,Única,Faixa contínua,,
2020-02-07,15:52:00,SEM VÍTIMA,CANCELADA,CORDEIRO,AV ENGENHEIRO ABDIAS DE CARVALHO,,,E/F AO CAMARAO DO LEO,CORDEIRO,,CIDADE,COLISÃO,COLISAO SEM VITIMAS,2.0,,,,,,,,,0.0,,,,,,,,,,,,,,
2020-02-07,16:13:00,SEM VÍTIMA,CANCELADA,BOA VIAGEM,RUA ATLANTICO,,,E/F AO BODE PRAIA,BOA VIAGEM,,,COLISÃO,COLISAO SEM VITIMAS,2.0,,,,,,,,,0.0,,,,,,,,,,,,,,
2020-02-07,16:45:00,COM VÍTIMA,FINALIZADA,CAMPO GRANDE,RUA OLIVEIRA FONSECA,,RUA MARQUES DE ABRANTES,PROX A IGREJA NOSSA SENHORA DO BOM PARTO,CAMPO GRANDE,,SUBURBIO,ABALROAMENTO TRANSVERSAL,COLISAO COM VITIMAS,,1.0,,,,1.0,,,,2.0,,Cruzamento,Bom,Não existe,Incompleta,Seca,Perfeito estado,Não existe,Não há placas,,Dupla,Não existe,,
2020-02-07,16:46:00,SEM VÍTIMA,PENDENTE,CASA AMARELA,AV DR EURICO CHAVES,712,,E/F A IGREJA CATOLICA DE CASA AMARELA,CASA AMARELA,,,COLISÃO,ENTRE MOTO X AUTO PASSEIO S/V,1.0,1.0,,,,,,,,0.0,,,,,,,,,,,,,,
2020-02-07,17:21:00,SEM VÍTIMA,CANCELADA,ÁGUA FRIA,AV BEBERIBE,2306,,E/F AO SUPERMERCADO DOIS IRMÃOS,ÁGUA FRIA,,,COLISÃO,ENTRE DOIS AUTOS S/V,2.0,,,,,,,,,0.0,,,,,,,,,,,,,,
2020-02-07,17:39:00,COM VÍTIMA,FINALIZADA,ILHA JOANA BEZERRA,VIADUTO CAPITAO TEMUDO,,,PROXIMO A PASSARELA E AO FÓRUM JOANA BEZERRA,ILHA JOANA BEZERRA,,SUBURBIO,ATROPELAMENTO,COLISÃO COM VÍTIMA,,1.0,,,1.0,,,,,2.0,,Longo da via,Bom,Não existe,Perfeito estado,Seca,Perfeito estado,Não existe,Não há placas,,Dupla,Faixa seccionada,Canteiro central,
2020-02-07,17:46:00,COM VÍTIMA,FINALIZADA,CORDEIRO,EST DO FORTE DO ARRAIAL N. DO B. JESUS,,RUA PROFESSORA LAURA FERREIRA DA COSTA,E/F A PRC DO QUINZE. andreza ótica,CORDEIRO,,SUBURBIO,ABALROAMENTO TRANSVERSAL,ENTRE AUTO PASSEIO X MOTO COM VÍTIMA,1.0,1.0,,,,,,,,1.0,,Cruzamento,Bom,Não existe,Incompleta,Seca,Perfeito estado,Não existe,Não há placas,,Dupla,Faixa contínua,,