data,hora,natureza_acidente,situacao,bairro,endereco,numero,detalhe_endereco_acidente,complemento,bairro_cruzamento,num_semaforo,sentido_via,tipo,descricao,auto,moto,ciclom,ciclista,pedestre,onibus,caminhao,viatura,outros,vitimas,vitimasfatais,acidente_verificado,tempo_clima,situacao_semaforo,sinalizacao,condicao_via,conservacao_via,ponto_controle,situacao_placa,velocidade_max_via,mao_direcao,divisao_via1,divisao_via2,divisao_via3
2020-02-15,08:23:00,SEM VÍTIMA,FINALIZADA,CURADO,RUA RAPHAEL DE OLIVEIRA ALVES,365,RUA JUNDIAI,AO LADO DO SUPERMERCADO PAJÉU,CURADO,,SUBURBIO,COLISÃO,SEM VITIMAS,2.0,,,,,,,,,0.0,,Longo da via,Bom,Não existe,Não existente,Molhada,Mal conservada,Não existe,Não há placas,,Dupla,Não existe,,
2020-02-15,09:30:00,COM VÍTIMA,FINALIZADA,BOA VIAGEM,RUA AMAZONAS,196,RUA TOME GIBSON,EM FRENTE AO EDF PARK AMAZONAS,BOA VIAGEM,,,ABALROAMENTO LONGITUDINAL,AUTO E MOTO,1.0,1.0,,,,,,,,1.0,,Cruzamento,Bom,Não existe,Perfeito estado,Seca,Perfeito estado,,Placas Pare,,Única,Não existe,,
2020-02-15,10:32:00,SEM VÍTIMA,FINALIZADA,APIPUCOS,RUA MANDACARU,686,RUA DE APIPUCOS,PROX. AO POSTO DE GASOLINA PETROCAL,APIPUCOS,,,COLISÃO,MOTO E AUTO S/V USUARIO INF. QUE HOUVE UMA PANCADA NA PERNA- POREM NÃO DESEJA ACIONAR O SAMU OU BOMBEIRO // VT-13 NO LOCAL SUB. PAULO OLIVEIRA E FATIMA,1.0,1.0,,,,,,,,0.0,,Longo da via,Bom,Não existe,Perfeito estado,Seca,Perfeito estado,Não existe,Não há placas,,Dupla,Faixa seccionada,,
2020-02-15,10:47:00,SEM VÍTIMA,CANCELADA,DERBY,RUA HENRIQUE DIAS,,,EM FRENTE A ESCOLA DA POLICIA MILITAR,DERBY,,,COLISÃO,COLISÃO SEM VITIMAS,1.0,1.0,,,,,,,,0.0,,,,,,,,,,,,,,
2020-02-15,11:18:00,COM VÍTIMA,FINALIZADA,SÃO JOSÉ,AV SUL,,,EM FRENTE AO ESTACIONAMENTO GERALDO ARAUJO,SÃO JOSÉ,,SUBURBIO,COLISÃO COM CICLISTA,ONIBUS E CICLISTA C/V,,,,1.0,,1.0,,,,1.0,,Longo da via,Bom,Não existe,Não existente,Seca,Perfeito estado,Não existe,Não há placas,,Dupla,Canteiro central,,
2020-02-15,11:24:00,SEM VÍTIMA,FINALIZADA,COQUEIRAL,RUA GUANABARA,148,,EM FRENTE ACADEMIA  TECNOFORMA,COQUEIRAL,,,COLISÃO,COLISÃO SEM VITIMAS,1.0,,,,,1.0,,,,0.0,,Longo da via,Bom,Não existe,,Seca,Perfeito estado,Não existe,Não há placas,,Dupla,,,
2020-02-15,11:30:00,COM VÍTIMA,FINALIZADA,MADALENA,RUA BENFICA,,AV VISCONDE DE ALBUQUERQUE,EM FRENTE AO BOMPREÇO,MADALENA,51.0,,ABALROAMENTO TRANSVERSAL,COM UMA VITIMA -SAMU NO LOCAL -CTTU VT 07 NO LOCAL,1.0,,,,,1.0,,,,1.0,,Cruzamento,Bom,Sem defeito,Perfeito estado,Seca,Perfeito estado,Faixa de pedestre,Outras,40 km/h,Única,Faixa contínua,,
2020-02-15,11:35:00,SEM VÍTIMA,FINALIZADA,GRAÇAS,AV GOVERNADOR AGAMENON MAGALHAES,1114,,EM FRENTE AO PREDIO DA EMBRATEL,GRAÇAS,173.0,BOA VIAGEM,COLISÃO,SEM VITIMAS,2.0,,,,,,,,1.0,0.0,,Longo da via,Bom,Sem defeito,Perfeito estado,Seca,Perfeito estado,Faixa de pedestre,Não há placas,60 km/h,Única,Canteiro central,,
2020-02-15,12:14:00,SEM VÍTIMA,CANCELADA,BOA VISTA,RUA DO RIACHUELO,413,,EM FRENTE A O COLEGIO 2001,BOA VISTA,,,COLISÃO,SEM VITIMAS,1.0,,,,,,1.0,,,0.0,,,,,,,,,,,,,,
2020-02-15,13:38:00,SEM VÍTIMA,FINALIZADA,BOA VIAGEM,AV CONSELHEIRO AGUIAR,4552,,EM FRENTE A FARMACIA DROGASIL,BOA VIAGEM,,,COLISÃO,SEM VITIMAS,2.0,,,,,,,,,0.0,,Longo da via,Bom,Sem defeito,Perfeito estado,Seca,Perfeito estado,Faixa de pedestre,Outras,40 km/h,Única,Faixa contínua,,
2020-02-15,13:57:00,SEM VÍTIMA,FINALIZADA,PINA,RUA SAO LUIZ,615,AV ENGENHEIRO DOMINGOS FERREIRA,NA ENTRADA DO BODE-EM FRENTE A FARMACIA do trabalhador,PINA,,,ENGAVETAMENTO,SEM VITIMAS,3.0,,,,,,,,,0.0,,Longo da via,Bom,Não existe,Perfeito estado,Seca,Perfeito estado,,Placas Pare,,Única,Não existe,,
2020-02-15,14:51:00,SEM VÍTIMA,FINALIZADA,TEJIPIÓ,AV DR JOSE RUFINO,2993,,EM FRENTE A ESCOLA HUMBERTO CASTELO BRANCO,TEJIPIÓ,,,COLISÃO,COLISÃO SEM VÍTIMA,3.0,,,,,,,,,0.0,,Longo da via,Bom,Sem defeito,Perfeito estado,Seca,Perfeito estado,Faixa de pedestre,,,Dupla,Faixa contínua,Faixa seccionada,
2020-02-15,15:13:00,SEM VÍTIMA,FINALIZADA,CASA AMARELA,AV NORTE,4621,,LADO OPOSTO A CLINI CÃO,CASA AMARELA,,CIDADE,COLISÃO,COLISÃO SEM VÍTIMA,2.0,,,,,,,,,0.0,,Longo da via,Bom,Sem defeito,Perfeito estado,Seca,Mal conservada,Não existe,Não há placas,,Dupla,Canteiro central,,
2020-02-15,14:59:00,SEM VÍTIMA,FINALIZADA,IPSEP,RUA POTENGY,55,RUA JEAN EMILE FAVRE,AO LADO DA GALERIA MARIA DE LOURDES,IPSEP,564.0,,ENGAVETAMENTO,SEM VITIMAS-OBS:MOTORISTA DO GOL RELATA QUE SOFREU UMA PANCADA NA CABEÇA-MAS QUE NÃO NECESSITA DE SOCORRO.,3.0,,,,,,,,,0.0,,Longo da via,Bom,Sem defeito,Ilegível,Seca,Perfeito estado,Faixa de pedestre,Outras,60 km/h,Única,Não existe,,
2020-02-15,15:58:00,SEM VÍTIMA,FINALIZADA,MANGABEIRA,RUA DA MANGABEIRA,175,,RUA DO ARMAZEM MANGABEIRA,MANGABEIRA,,,COLISÃO,SEM VITIMAS,2.0,,,,,,,,,0.0,,Longo da via,Bom,Não existe,Perfeito estado,Seca,Perfeito estado,Não existe,R-6a,,Dupla,Faixa seccionada,,
2020-02-15,16:05:00,SEM VÍTIMA,FINALIZADA,IMBIRIBEIRA,AV MARECHAL MASCARENHAS DE MORAES,2716,,EM FRENTE A FARMACIA PAGUE MENOS,IMBIRIBEIRA,290.0,AEROPORTO,COLISÃO,SEM VITIMAS,2.0,,,,,,,,,0.0,,Longo da via,Bom,Sem defeito,Perfeito estado,Seca,Perfeito estado,Faixa de pedestre,Não há placas,40 km/h,Única,Faixa contínua,,
2020-02-15,18:53:00,SEM VÍTIMA,FINALIZADA,ENGENHO DO MEIO,RUA ALVARO TEIXEIRA DE MESQUITA,184,RUA PADRE RODRIGUES CAMPELO,ENF. A CRCHE MUNICIPAL WALDIR SAVLUSCHINSKE,ENGENHO DO MEIO,,SUBURBIO,CHOQUE,VEICULO CHOCOU-SE COM RESIDENCIA OBS:: SUSPEITA DE EMBRIAGUEZ,1.0,,,,,,,,,0.0,,Longo da via,Bom,Não existe,Incompleta,Seca,Perfeito estado,Não existe,Não há placas,,Dupla,Não existe,,
2020-02-15,20:51:00,SEM VÍTIMA,FINALIZADA,BAIRRO DO RECIFE,RUA MADRE DEUS,,,PRÓX AO MARCOZERO E E/F AO PAÇO ALFANDEGA,BAIRRO DO RECIFE,,CIDADE,COLISÃO,ENTRE ÔNIBUS E AUTO PASSEIO. S/V,1.0,,,,,1.0,,,,0.0,,Longo da via,Bom,Não existe,Perfeito estado,Seca,Perfeito estado,Não existe,R-6a,,Única,Não existe,,
2020-02-15,21:25:00,SEM VÍTIMA,FINALIZADA,DERBY,RUA JENER DE SOUZA,,,E/F A PRAÇA DO DERBY E AO QUARTEL,DERBY,,,COLISÃO,ERNTRE 2 AUTOS. S/V,2.0,,,,,,,,,0.0,,Longo da via,Bom,Não existe,Perfeito estado,Seca,Perfeito estado,Não existe,Outras,,Única,Faixa seccionada,,
2020-02-15,22:07:00,SEM VÍTIMA,FINALIZADA,DERBY,RUA BENFICA,505,,SENTIDO DERBY ENF AO CLUBE INTERNACIONAL,DERBY,,CIDADE,COLISÃO,ONIBUS BORBOREMA X LOGAN,1.0,,,,,1.0,,,,0.0,,Longo da via,Bom,Não existe,Perfeito estado,Seca,Perfeito estado,,,,Única,Faixa seccionada,,
2020-02-15,22:36:00,SEM VÍTIMA,FINALIZADA,BOA VIAGEM,AV BOA VIAGEM,6500,RUA BALTAZAR PASSOS,ENF. AO EDF. IVANIR SILVESTRE,BOA VIAGEM,,CIDADE,COLISÃO,ONIBUS BORBOREMA X SANDERO,1.0,,,,,1.0,,,,0.0,,Longo da via,Bom,Sem defeito,Perfeito estado,Seca,Perfeito estado,,Outras,60 km/h,Única,,,
2020-02-15,23:11:00,SEM VÍTIMA,FINALIZADA,IBURA,AV DOIS RIOS,892,RUA RIO CHUI,SEMAFORO 475 / PRÓX A RAIO PRODUÇÕES E MERCADO SERVE BEM,IBURA,,,COLISÃO,ENTRE 2 AUTOS. S/V,2.0,,,,,,,,,0.0,,Longo da via,Bom,Sem defeito,Perfeito estado,Seca,Perfeito estado,Não existe,Não há placas,,Única,Faixa contínua,,
2020-02-16,05:54:00,SEM VÍTIMA,FINALIZADA,IBURA,AV DOIS RIOS,,,EM FRENTE AO SUPERMERCADO SUPER BEM,IBURA,475.0,SUBURBIO,COLISÃO,COLISÃO ENTRE DOIS AUTOS- S/V,2.0,,,,,,,,,0.0,,Cruzamento,Chuvoso,Sem defeito,Perfeito estado,,Perfeito estado,Faixa de pedestre,R-6a,,Dupla,Faixa contínua,,
2020-02-16,08:38:00,SEM VÍTIMA,FINALIZADA,VASCO DA GAMA,RUA PROFESSOR RUI DA SILVEIRA CASTRO,60,,RESIDENCIA NA SAIDA DO VASCO DA GAMA NO SENTIDO AV NORTE,VASCO DA GAMA,,,COLISÃO,COLISÃO SEM VITIMAS,1.0,1.0,,,,,,,,0.0,,Longo da via,Bom,Não existe,Não existente,Seca,Perfeito estado,Não existe,Não há placas,,Dupla,Não existe,,
2020-02-16,09:47:00,SEM VÍTIMA,FINALIZADA,IBURA,AV MARIA IRENE,1064,,SENTIDO AEROPORTO,IBURA,,CIDADE,COLISÃO,,1.0,,,,,,,1.0,,0.0,,Longo da via,Bom,Não existe,Não existente,Seca,Perfeito estado,Não existe,Não há placas,,Dupla,Faixa contínua,,
2020-02-16,09:55:00,COM VÍTIMA,FINALIZADA,BOA VIAGEM,AV CONSELHEIRO AGUIAR,1350,,PROX AO CLINICAL CENTER,BOA VIAGEM,,SUBURBIO,COLISÃO TRASEIRA,COLISÃO COM VITIMA  GM  LUCIANO QTH,1.0,,,,,1.0,,,,1.0,,Longo da via,Bom,Não existe,Perfeito estado,Seca,Perfeito estado,Não existe,R-6a,,Única,Faixa contínua,,
2020-02-16,12:00:00,SEM VÍTIMA,FINALIZADA,CAXANGÁ,AV CAXANGA,,,AO LADO DA UPA,CAXANGÁ,281.0,SUBURBIO,COLISÃO,COLISÃO SEM VÍTIMAS ENTRE AUTO E CAMINHÃO,1.0,,,,,,1.0,,,0.0,,Cruzamento,Bom,Sem defeito,Perfeito estado,Seca,Perfeito estado,Faixa de pedestre,Outras,60 km/h,Dupla,Canteiro central,,
2020-02-16,12:16:00,SEM VÍTIMA,FINALIZADA,MADALENA,EST DOS REMEDIOS,2416,AV JOSE GONCALVES DE MEDEIROS,ORTOBOM// POLICLINA LESSA DE ANDRANDE,MADALENA,353.0,CIDADE,COLISÃO,COLISAO S/ VITIMA. ENTRE DOIS VEICULOS,2.0,,,,,,,,,0.0,,Longo da via,Bom,Sem defeito,Perfeito estado,Seca,Perfeito estado,Faixa de pedestre,Não há placas,,Única,Faixa contínua,Faixa seccionada,
2020-02-16,12:40:00,SEM VÍTIMA,CANCELADA,IBURA,RUA DR BENIGNO JORDAO DE VASCONCELOS,99,RUA PROFESSOR MARIO NEVES BAPTISTA,MERCADINHO ECONOMICO,IBURA,,,COLISÃO,COLISAO S/ VITIMA ENTRE DOIS VEICULOS,2.0,,,,,,,,,0.0,,,,,,,,,,,,,,
2020-02-16,14:12:00,SEM VÍTIMA,FINALIZADA,BOA VIAGEM,RUA RIBEIRO DE BRITO,1326,,PROXIMO A FACULDADE NASSAU,BOA VIAGEM,,,COLISÃO,COLISÃO SEM VÍTIMA,3.0,,,,,,,,,0.0,,Longo da via,Bom,Não existe,Perfeito estado,Seca,Perfeito estado,Outros,Outras,60 km/h,Única,Faixa seccionada,,
2020-02-16,15:51:00,SEM VÍTIMA,FINALIZADA,VÁRZEA,AV CAXANGA,4477,,EM FRENTE AO CENTRO UNIVERSITARIO TIRADENTES/ SENTIDO CIDADE,VÁRZEA,231.0,CIDADE,COLISÃO,COLISÃO SEM VÍTIMA,1.0,1.0,,,,,,,,0.0,,Longo da via,Bom,Sem defeito,Perfeito estado,Seca,Perfeito estado,Faixa de pedestre,R-26,,Dupla,Faixa seccionada,Canteiro central,
2020-02-16,16:31:00,COM VÍTIMA,FINALIZADA,ESPINHEIRO,RUA SANTO ELIAS,478,RUA DO ESPINHEIRO,EM FRENTE AO POSTO IPIRANGA,ESPINHEIRO,,CIDADE,ABALROAMENTO TRANSVERSAL,COLISÃO COM VÍTIMA,,2.0,,,,,,,,1.0,,Cruzamento,Bom,Não existe,Perfeito estado,Seca,Perfeito estado,Faixa de pedestre,Placas Pare,,Única,Faixa seccionada,,
2020-02-16,17:24:00,SEM VÍTIMA,FINALIZADA,SAN MARTIN,RUA VINTE E UM DE ABRIL,631,RUA COMENDADOR FRANCO FERREIRA,EM FRENTE À DROGASIL,SAN MARTIN,,C,COLISÃO,COLISÃO ENTRE 2 AUTOS- SEM VÍTIMAS.,2.0,,,,,,,,,0.0,,Esquina,Bom,Não existe,Perfeito estado,Seca,Perfeito estado,Não existe,R-4a,,Dupla,Não existe,,
2020-02-16,18:26:00,SEM VÍTIMA,FINALIZADA,VÁRZEA,RUA PROFESSOR CHAVES BATISTA,81,AV CAXANGA,E/F AO BOI BRAZA BOI BRASA E AO LADO DO POSTO DISLUB,VÁRZEA,,CIDADE,COLISÃO,ONIBUS DE TURISMO X HONDA CIVIC,1.0,,,,,1.0,,,,0.0,,Longo da via,Bom,Sem defeito,Perfeito estado,Seca,Perfeito estado,Outros,Outras,,Única,Faixa seccionada,,
2020-02-16,18:42:00,COM VÍTIMA,CANCELADA,BOA VIAGEM,RUA BARAO DE SOUZA LEAO,1422,RUA CAMBOIM,PROX A IGREJA CATOLICA E POSTO DE GASOLINA BR DESATIVADO,BOA VIAGEM,,,COLISÃO COM CICLISTA,CICLISTA X ONIBUS VERA CRUZ,,,,1.0,,1.0,,,,1.0,,,,,,,,,,,,,,
2020-02-16,20:15:00,SEM VÍTIMA,FINALIZADA,BOA VIAGEM,AV BOA VIAGEM,4820,,ENF AO CONDOMINIO EDF. BELA VISTA,BOA VIAGEM,,CIDADE,COLISÃO,LOGAN X OPALA,2.0,,,,,,,,,0.0,,Longo da via,Bom,Não existe,Perfeito estado,Seca,Perfeito estado,Não existe,Outras,,Única,Faixa seccionada,,
2020-02-16,20:45:00,COM VÍTIMA,FINALIZADA,BAIRRO DO RECIFE,CAIS DO APOLO,142,,LADO OPOSTO AO TRIBUNAL DA JUSTIÇA E APÓS A PREFEITURA,BAIRRO DO RECIFE,,SUBURBIO,ATROPELAMENTO,ENTRE MOTO E PEDESTRE. C/V,,1.0,,,1.0,,,,,1.0,,Longo da via,Bom,Não existe,Perfeito estado,Seca,Perfeito estado,Não existe,Não há placas,,Única,Faixa seccionada,,
2020-02-16,21:09:00,COM VÍTIMA,FINALIZADA,BOA VIAGEM,AV ENGENHEIRO DOMINGOS FERREIRA,4060,RUA RIBEIRO DE BRITO,SEMÁFORO 155 // VT 30 NO LOCAL,BOA VIAGEM,155.0,SUBURBIO,ABALROAMENTO TRANSVERSAL,ENTRE AMBULÂNCIA E AUTO PASSEIO. C/V,1.0,,,,,,1.0,,,2.0,,Cruzamento,Bom,Sem defeito,Perfeito estado,Seca,Perfeito estado,Faixa de pedestre,Não há placas,,Única,Faixa seccionada,,
2020-02-16,21:32:00,COM VÍTIMA,CANCELADA,CAMPINA DO BARRETO,RUA DAS MOCAS,1281,RUA EXP JAMIL DAGLI,BEIRA CANAL NA ENTRADA DE CHAO DE ESTRELA // PROX AO RESTAURANTE E PIZZARIA APLANTICA,CAMPINA DO BARRETO,,,COLISÃO,FIESTA X MOTO,1.0,1.0,,,,,,,,1.0,,,,,,,,,,,,,,
2020-02-16,22:21:00,SEM VÍTIMA,FINALIZADA,CAMPO GRANDE,RUA PROFESSOR FRANCISCO DA TRINDADE,318,RUA SAO CAETANO,POR TRÁS DO CLUBES DAS PÁS,CAMPO GRANDE,,SUBURBIO,COLISÃO,ENTRE 2 AUTOS. S/V,2.0,,,,,,,,,0.0,,Longo da via,Bom,Não existe,Perfeito estado,Seca,Perfeito estado,Faixa de retenção,Placas Pare,,Única,Faixa contínua,,
2020-02-16,22:33:00,SEM VÍTIMA,FINALIZADA,CORDEIRO,AV CAXANGA,1562,,E/F A ESTAÇÃO GETULIO VAG- SNT CAMARAGIBE,CORDEIRO,,,COLISÃO,ENTRE BRT E AUTO PASSEIO. S/V,1.0,,,,,1.0,,,,0.0,,Longo da via,Bom,Não existe,Perfeito estado,Seca,Perfeito estado,Outros,Outras,,Dupla,Faixa contínua,Canteiro central,
2020-02-17,06:28:00,SEM VÍTIMA,FINALIZADA,AREIAS,RUA DR VILAS BOAS,31,,NA RUA DO CARTÓRIO ELEITORAL,AREIAS,,SUBURBIO,CHOQUE,CHOQUE COM ÁRVORE,1.0,,,,,,,,,0.0,,Longo da via,Chuvoso,Não existe,Incompleta,Molhada,Mal conservada,Não existe,Não há placas,,Dupla,Não existe,,
2020-02-17,07:00:00,SEM VÍTIMA,FINALIZADA,DERBY,AV GOVERNADOR AGAMENON MAGALHAES,75,RUA LUIZ BARBALHO,E/F A PRAÇA DO DERBY (SENT. BOA VIAGEM) / VIA PRINCIPAL,DERBY,417.0,SUBURBIO,COLISÃO,COLISÃO S/VITIMAS ENTRE UM AUTO E UMA MOTO (GM JOAO VITOR E MAURICIO SANTOS NO QTH),1.0,1.0,,,,,,,,0.0,,Longo da via,Bom,Sem defeito,Perfeito estado,Seca,Perfeito estado,Agente,Não há placas,60 km/h,Dupla,Faixa seccionada,Canteiro central,
2020-02-17,07:01:00,SEM VÍTIMA,FINALIZADA,MADALENA,AV CAXANGA,,,AO LADO DA CELPE EM FRENTE A ESTAÇÃO ABOLIÇÃO BRT,MADALENA,264.0,CIDADE,COLISÃO,DOIS AUTOS,2.0,,,,,,,,,0.0,,Longo da via,Bom,Sem defeito,Perfeito estado,Seca,Perfeito estado,Faixa de pedestre,R-6a,,Dupla,Canteiro central,,
2020-02-17,07:14:00,COM VÍTIMA,FINALIZADA,BOA VIAGEM,RUA PADRE CARAPUCEIRO,968,,EM FRENTE AO EMPRESARIAL JANETE COSTA,BOA VIAGEM,,CIDADE,COLISÃO TRASEIRA,MOTO E AUTO PASSEIO,1.0,1.0,,,,,,,,1.0,,Longo da via,Bom,Não existe,Perfeito estado,Seca,Perfeito estado,Não existe,Outras,,Única,Faixa seccionada,,
2020-02-17,07:26:00,SEM VÍTIMA,FINALIZADA,DERBY,RUA JOAQUIM NABUCO,,AV GOVERNADOR AGAMENON MAGALHAES,E/F AO ESTACIONAMENTO DO HOSPITAL DA RESTAURAÇÃO,DERBY,174.0,,COLISÃO,COLISÃO S/VITIMAS ENTRE DOIS AUTOS (GM EVERTON SILVA E EVANDRO RAMOS NO QTH),2.0,,,,,,,,,0.0,,Longo da via,Bom,Sem defeito,Perfeito estado,Seca,Perfeito estado,Agente,Outras,60 km/h,Única,Faixa seccionada,,
2020-02-17,07:41:00,SEM VÍTIMA,FINALIZADA,SANTO AMARO,AV GOVERNADOR AGAMENON MAGALHAES,151,,LADO OPOSTO AO POSTO BR,SANTO AMARO,378.0,,COLISÃO,COLISÃO S/VITIMAS ENTRE UM AUTO E UM ONIBUS (GM IVAN E DANILO NO QTH),1.0,,,,,1.0,,,,0.0,,Outros,Bom,Sem defeito,Perfeito estado,Seca,Perfeito estado,Faixa de pedestre,Não há placas,60 km/h,Dupla,Canteiro central,,
2020-02-17,08:29:00,SEM VÍTIMA,FINALIZADA,ENGENHO DO MEIO,RUA ANTONIO CURADO,30,,EM FRENTE AO CLUBE DA SUDENE,ENGENHO DO MEIO,,,COLISÃO,DOIS AUTOS,2.0,,,,,,,,,0.0,,Longo da via,Bom,Não existe,,Seca,Perfeito estado,,,40 km/h,Dupla,Faixa seccionada,,
2020-02-17,08:45:00,COM VÍTIMA,FINALIZADA,IMBIRIBEIRA,RUA JULIO VERNE,217,RUA ARQUITETO LUIZ NUNES,AO LADO DA PAPELARIA BORGES,IMBIRIBEIRA,,SUBURBIO,ABALROAMENTO LONGITUDINAL,COLISÃO C/VITIMAS ENTRE UMA MOTO E UM AUTO,1.0,1.0,,,,,,,,1.0,,Longo da via,Bom,Não existe,Perfeito estado,Seca,Perfeito estado,Não existe,Não há placas,,Única,Faixa seccionada,,
2020-02-17,08:52:00,COM VÍTIMA,FINALIZADA,IMBIRIBEIRA,AV MARECHAL MASCARENHAS DE MORAES,7935A,,LADO OPOSTO DA CAIXA ECONOMICA- SENT. JABOATÃO - CONTINENTAL DRIVE AUTO CENTER,IMBIRIBEIRA,625.0,SUBURBIO,COLISÃO TRASEIRA,AUTO E MOTO,1.0,1.0,,,,,,,,1.0,,Longo da via,Bom,Sem defeito,Perfeito estado,Seca,Perfeito estado,Não existe,Não há placas,60 km/h,Dupla,Canteiro central,,
2020-02-17,08:52:00,SEM VÍTIMA,FINALIZADA,MADALENA,AV ENGENHEIRO ABDIAS DE CARVALHO,2990,,E/F AO CAMARÃO DO LÉO,MADALENA,,CIDADE,COLISÃO,COLISÃO S/VITIMAS ENTRE UM AUTO E UMA MOTO,1.0,1.0,,,,,,,,0.0,,Longo da via,Bom,Não existe,Perfeito estado,Seca,Perfeito estado,Não existe,R-6a,,Dupla,Canteiro central,,
2020-02-17,09:27:00,SEM VÍTIMA,FINALIZADA,GRAÇAS,AV RUI BARBOSA,218,,EM FRENTE AO BANCO ITAU,GRAÇAS,102.0,CIDADE,COLISÃO,DOIS AUTOS,2.0,,,,,,,,,0.0,,Longo da via,Bom,Sem defeito,Perfeito estado,Seca,Perfeito estado,Faixa de pedestre,Outras,60 km/h,Única,Faixa contínua,,
2020-02-17,09:47:00,COM VÍTIMA,FINALIZADA,ILHA DO LEITE,RUA SENADOR JOSE HENRIQUE,,RUA ESTADO DE ISRAEL,ESQUINA DA ESCOLA POETA MANOEL BANDEIRA,ILHA DO LEITE,,SUBURBIO,ABALROAMENTO LONGITUDINAL,AUTO E MOTO,1.0,1.0,,,,,,,,1.0,,Longo da via,Bom,Não existe,Perfeito estado,Seca,Perfeito estado,Faixa de pedestre,Placas Pare,,Única,Faixa seccionada,,
2020-02-17,09:54:00,SEM VÍTIMA,FINALIZADA,CORDEIRO,RUA PACIFICO DA LUZ,104,,EM FRENT AO PORTAL DA CARNE DE SOL,CORDEIRO,,SUBURBIO,COLISÃO,CAMINHAO DO LIXO E AUTO PASSEIO,1.0,,,,,,1.0,,,0.0,,Longo da via,Bom,Não existe,Não existente,Seca,Mal conservada,Não existe,Não há placas,,Dupla,Não existe,,
2020-02-17,10:05:00,SEM VÍTIMA,FINALIZADA,BOA VISTA,AV JOAO DE BARROS,35,RUA MONTE CASTELO,E/F A PG AUTO POSTO (AUTOS ESTACIONADOS DENTRO DO POSTO),BOA VISTA,356.0,CIDADE,COLISÃO,COLISÃO S/VITIMAS ENTRE DOIS AUTOS,2.0,,,,,,,,,0.0,,Longo da via,Bom,Sem defeito,Perfeito estado,Seca,Perfeito estado,,Não há placas,,Única,,,
2020-02-17,10:06:00,COM VÍTIMA,FINALIZADA,IMBIRIBEIRA,AV MARECHAL MASCARENHAS DE MORAES,4762,,EM FRENT A CASA DAS EMBREAGENS,IMBIRIBEIRA,,SUBURBIO,COLISÃO TRASEIRA,TRES MOTOS E UM AUTO PASSEIO / MTS 03 / 31 NO QTH,1.0,3.0,,,,,,,,1.0,,Longo da via,Chuvoso,Não existe,Não existente,Molhada,Perfeito estado,Não existe,,60 km/h,Dupla,Faixa seccionada,,
2020-02-17,10:23:00,SEM VÍTIMA,CANCELADA,CAXANGÁ,AV CAXANGA,731,,EM FRENTE A LOJA PLAZA VEICULOS,CAXANGÁ,,CIDADE,COLISÃO,DOIS AUTOS,2.0,,,,,,,,,0.0,,,,,,,,,,,,,,
2020-02-17,10:25:00,SEM VÍTIMA,FINALIZADA,IBURA,RUA VALE DO CARIRI,26,,PROX. AO TREVO E ARAMAZEM JUPITER,IBURA,,,COLISÃO,CAMINHÃO E AUTO,1.0,,,,,,1.0,,,0.0,,Longo da via,Bom,Não existe,Incompleta,Seca,Perfeito estado,Não existe,Não há placas,30 km/h,Dupla,Não existe,,
2020-02-17,10:50:00,SEM VÍTIMA,FINALIZADA,JARDIM SÃO PAULO,RUA GUEDES ALCOFORADO,87 A,,EM FRENTE AO ATELIER DIVINA MODA,JARDIM SÃO PAULO,,,COLISÃO,ONIBUS E AUTO PASSEIO,1.0,,,,,1.0,,,,0.0,,Esquina,Bom,,Não existente,Seca,Perfeito estado,Não existe,Não há placas,,Dupla,Não existe,,
2020-02-17,10:58:00,COM VÍTIMA,FINALIZADA,CAMPO GRANDE,RUA JERONIMO VILELA,161,RUA MARQUES DE ABRANTES,EM FRENTE A LOJA GRÃO NATURAL,CAMPO GRANDE,,,COLISÃO FRONTAL,AUTO E MOTO,1.0,1.0,,,,,,,,1.0,,Cruzamento,Bom,Não existe,Perfeito estado,Seca,Perfeito estado,Não existe,Outras,,Dupla,Faixa seccionada,,
2020-02-17,10:59:00,SEM VÍTIMA,FINALIZADA,BOA VIAGEM,AV BOA VIAGEM,6306,RUA JOAO CARDOSO AIRES,E/F AO EDF. ANTONIO DIAS CARDOSO,BOA VIAGEM,149.0,CIDADE,COLISÃO,COLISÃO S/VTIMAS ENTRE DOIS AUTOS,2.0,,,,,,,,,0.0,,Cruzamento,Bom,Sem defeito,Perfeito estado,Seca,Perfeito estado,Outros,Não há placas,,Única,Faixa contínua,,
2020-02-17,11:20:00,SEM VÍTIMA,FINALIZADA,IPSEP,RUA JEAN EMILE FAVRE,S/N,,E/F A DELTA VEICULOS,IPSEP,135.0,SUBURBIO,COLISÃO,COLISÃO S/VTIMAS ENTRE DOIS AUTOS,2.0,,,,,,,,,0.0,,Longo da via,Bom,Sem defeito,Perfeito estado,Seca,Perfeito estado,Faixa de pedestre,Outras,,Dupla,Faixa contínua,,