data,hora,natureza_acidente,situacao,bairro,endereco,numero,detalhe_endereco_acidente,complemento,bairro_cruzamento,num_semaforo,sentido_via,tipo,descricao,auto,moto,ciclom,ciclista,pedestre,onibus,caminhao,viatura,outros,vitimas,vitimasfatais,acidente_verificado,tempo_clima,situacao_semaforo,sinalizacao,condicao_via,conservacao_via,ponto_controle,situacao_placa,velocidade_max_via,mao_direcao,divisao_via1,divisao_via2,divisao_via3
2020-02-20,14:41:00,SEM VÍTIMA,FINALIZADA,IMBIRIBEIRA,RUA CORONEL FABRICIANO,4115,AV MARECHAL MASCARENHAS DE MORAES,AO LADO DO ATACADO DOS PRESENTES,IMBIRIBEIRA,210.0,CIDADE,COLISÃO,COLISÃO SEM VÍTIMA,1.0,,,,,1.0,,,,0.0,,Esquina,Chuvoso,Sem defeito,Perfeito estado,Molhada,Perfeito estado,Faixa de pedestre,Outras,60 km/h,Dupla,Canteiro central,,
2020-02-20,14:47:00,COM VÍTIMA,FINALIZADA,DERBY,RUA JENER DE SOUZA,,,EM FRENTE A FUNDAÇÃO JOAQUIM NABUCO,DERBY,,,COLISÃO,COLISÃO COM VÍTIMA,1.0,1.0,,,,,,,,1.0,,,,,,,,,,,,,,
2020-02-20,15:10:00,SEM VÍTIMA,CANCELADA,BOA VIAGEM,AV BOA VIAGEM,,,E/F A PADARIA BOA VIAGEM,BOA VIAGEM,,,COLISÃO,COLISAO ENTRE DOIS AUTOS S/V,2.0,,,,,,,,,0.0,,,,,,,,,,,,,,
2020-02-20,15:13:00,SEM VÍTIMA,FINALIZADA,JOANA BEZERRA,RUA AGUA DOCE,,,E/F AO PORTAO DE ENTRADA DO TERMINAL INTEGRADO JOANA BEZERRA . AO LADO DA ACADEMIA DA CIDADE,JOANA BEZERRA,,CIDADE,ATROPELAMENTO ANIMAL,COLISAO ENTRE ONIBUS -CICLISTA E CAVALO,,,,1.0,,1.0,,,1.0,0.0,,Longo da via,Bom,Não existe,Perfeito estado,Seca,Perfeito estado,Não existe,Não há placas,,Única,Canteiro central,,
2020-02-20,15:15:00,SEM VÍTIMA,FINALIZADA,BOA VIAGEM,AV BOA VIAGEM,,,EM FRENTE AO PARQUE DONA LINDU,BOA VIAGEM,1.0,CIDADE,COLISÃO,COLISÃO SEM VÍTIMA,1.0,1.0,,,,,,,,0.0,,Longo da via,Chuvoso,Sem defeito,Perfeito estado,Molhada,Perfeito estado,Faixa de pedestre,Não há placas,60 km/h,Única,Faixa contínua,,
2020-02-20,15:39:00,SEM VÍTIMA,FINALIZADA,BOA VIAGEM,RUA RIBEIRO DE BRITO,1197,RUA JONATHAS DE VASCONCELOS,UNINASSAU// SUBIDA DO VIADUTO// HOTEL NACIONAL INN BOA VIAGEM,BOA VIAGEM,,AV RECIFE,COLISÃO,COLISAO S/ VITIMA// ENTRE DOIS VEICULOS,2.0,,,,,,,,,0.0,,Cruzamento,Chuvoso,Não existe,Perfeito estado,Molhada,Perfeito estado,Outros,Outras,60 km/h,Única,Faixa seccionada,,
2020-02-20,15:47:00,COM VÍTIMA,FINALIZADA,SAN MARTIN,RUA PROFESSOR SILVIO DA CUNHA SANTOS,254,RUA ARSENIO CALACA,PROXIMO A IGREJA NOSSA SENHORA DE FATIMA,SAN MARTIN,,SUBURBIO,ABALROAMENTO TRANSVERSAL,COLISÃO COM VÍTIMA,1.0,1.0,,,,,,,,1.0,,Longo da via,Bom,Não existe,Perfeito estado,Seca,Perfeito estado,Não existe,Não há placas,,Dupla,Não existe,,
2020-02-20,15:52:00,SEM VÍTIMA,CANCELADA,BOA VIAGEM,RUA FELIX DE BRITO E MELO,640,,E/F A CULTURA YOUNG,BOA VIAGEM,,,COLISÃO,COLISAO ENTRE DOIS AUTOS S/V,2.0,,,,,,,,,0.0,,,,,,,,,,,,,,
2020-02-20,16:11:00,SEM VÍTIMA,FINALIZADA,PRADO,RUA GREGORIO JUNIOR,430,RUA GOMES TABORDA,PROX AMENDOLANDIA,PRADO,,SUBURBIO,COLISÃO,COLISAO ENTRE DOIS AUTOS S/V,2.0,,,,,,,,,0.0,,Longo da via,Bom,Não existe,Perfeito estado,Seca,Perfeito estado,Não existe,Não há placas,,Única,Faixa seccionada,,
2020-02-20,16:22:00,SEM VÍTIMA,FINALIZADA,SAN MARTIN,RUA DUARTE FILHO,104,RUA COMENDADOR FRANCO FERREIRA,PROX A LOMBADA ELETRONICA,SAN MARTIN,,,COLISÃO,COLISAO ENTRE AUTO E MOTO S/V,1.0,1.0,,,,,,,,0.0,,Cruzamento,Chuvoso,Não existe,Ilegível,Seca,Outros,Outros,Placas Pare,30 km/h,Dupla,Não existe,,
2020-02-20,16:40:00,SEM VÍTIMA,FINALIZADA,AFOGADOS,RUA SAO MIGUEL,1702,,PROXIMO AO ATACAREJO,AFOGADOS,,CIDADE,COLISÃO,COLISÃO SEM VÍTIMA,1.0,,,,,,,,1.0,0.0,,Longo da via,Bom,Não existe,Não existente,Seca,Perfeito estado,Não existe,Não há placas,,Dupla,Faixa contínua,,
2020-02-20,17:01:00,SEM VÍTIMA,CANCELADA,MACAXEIRA,AV NORTE,,,NO GIRADOURO PROX AO TERMINAL DA MACAXEIRA,MACAXEIRA,,,COLISÃO,COLISAO ENTRE DOIS AUTOS S/V,2.0,,,,,,,,,0.0,,,,,,,,,,,,,,
2020-02-20,17:24:00,SEM VÍTIMA,FINALIZADA,PAISSANDU,AV GOVERNADOR AGAMENON MAGALHAES,,,E/F AO HOSPITAL PORTUGUES PISTA LOCAL,PAISSANDU,,SUBURBIO,COLISÃO,COLISAO ENTRE DOIS AUTOS S/V,2.0,,,,,,,,,0.0,,Longo da via,Chuvoso,Não existe,Perfeito estado,Molhada,Perfeito estado,Outros,Outras,50 km/h,Dupla,Faixa seccionada,,
2020-02-20,17:40:00,SEM VÍTIMA,FINALIZADA,VASCO DA GAMA,AV NORTE,6629,,E/F PALACIO ATACADO,VASCO DA GAMA,,CIDADE,COLISÃO,AUTO X ÔNIBUS,1.0,,,,,1.0,,,,0.0,,Longo da via,Bom,Não existe,,Seca,Perfeito estado,Não existe,R-6a,,Única,Faixa seccionada,Canteiro central,
2020-02-20,18:13:00,SEM VÍTIMA,CANCELADA,BAIRRO DO RECIFE,PRC SERGIO LORETO,,1PR DIAS COELHO,E/F AO BAR DO INDIO,BAIRRO DO RECIFE,,,COLISÃO,COLISAO SEM VITIMAS,2.0,,,,,,,,,0.0,,,,,,,,,,,,,,
2020-02-20,18:22:00,SEM VÍTIMA,FINALIZADA,BOA VIAGEM,AV CONSELHEIRO AGUIAR,4200,RUA RIBEIRO DE BRITO,AO LADO DO HOLIDAY,BOA VIAGEM,147.0,CIDADE,COLISÃO,COLISÃO SEM VÍTIMA,1.0,1.0,,,,,,,,0.0,,Cruzamento,Chuvoso,Sem defeito,Perfeito estado,Molhada,Perfeito estado,Agente,Não há placas,60 km/h,Única,Faixa seccionada,,
2020-02-20,18:25:00,SEM VÍTIMA,CANCELADA,BOA VIAGEM,RUA BARAO DE SOUZA LEAO,698,,E/F AO RESTAURANTE COSTA BRAVA,BOA VIAGEM,,,COLISÃO,COLISAO SEM VITIMAS,2.0,,,,,,,,,0.0,,,,,,,,,,,,,,
2020-02-20,18:28:00,SEM VÍTIMA,FINALIZADA,CORDEIRO,AV CAXANGA,1414,,EM FRENTE AO Nº 1414,CORDEIRO,,SUBURBIO,COLISÃO TRASEIRA,PEUGEOT X KIA,2.0,,,,,,,,,0.0,,Longo da via,Bom,Não existe,Perfeito estado,Seca,Perfeito estado,Não existe,Não há placas,,Dupla,Canteiro central,,
2020-02-20,18:36:00,SEM VÍTIMA,FINALIZADA,IPUTINGA,EST DO BARBALHO,110,AV CAXANGA,ENF. A LOJA TUDO É 10,IPUTINGA,533.0,SUBURBIO,COLISÃO,PALIO X FIORINO,2.0,,,,,,,,,0.0,,Longo da via,Bom,Sem defeito,Perfeito estado,Seca,Perfeito estado,Agente,Não há placas,,Única,Faixa contínua,Faixa seccionada,
2020-02-20,18:49:00,SEM VÍTIMA,CANCELADA,,RUA XAVANTES,150,,,,,,COLISÃO,,2.0,,,,,,,,,0.0,,,,,,,,,,,,,,
2020-02-20,19:48:00,SEM VÍTIMA,FINALIZADA,BOA VISTA,RUA JOSE DE ALENCAR,,AV MANOEL BORBA,NO CRUZAMENTO MESMO,BOA VISTA,29.0,SUBURBIO,COLISÃO,COLISAO SEM VITIMAS,2.0,,,,,,,,,0.0,,Cruzamento,Chuvoso,Sem defeito,Perfeito estado,Molhada,Perfeito estado,Faixa de pedestre,R-25b,30 km/h,Dupla,Não existe,,
2020-02-20,19:55:00,SEM VÍTIMA,FINALIZADA,ARRUDA,AV PROFESSOR JOSE DOS ANJOS,,,AO LADO DENOCS // BEIRA CANAL DO ARRUDA,ARRUDA,,SUBURBIO,COLISÃO,HONDA CIVIC X HONDA CITY,2.0,,,,,,,,,0.0,,Longo da via,Chuvoso,Não existe,Perfeito estado,Molhada,Mal iluminada,Outros,Não há placas,,Dupla,Canal,,
2020-02-20,21:30:00,SEM VÍTIMA,CANCELADA,MADALENA,AV VISCONDE DE ALBUQUERQUE,862,RUA JANUARIO BARBOSA,ENF. A UME UNIDADE MEDICA ESPECIALIZADA,MADALENA,,,COLISÃO,AUTO X MOTO,1.0,1.0,,,,,,,,0.0,,,,,,,,,,,,,,
2020-02-20,21:36:00,SEM VÍTIMA,FINALIZADA,MACAXEIRA,AV NORTE,7142,,ANTES DO PARQUE DA MACAXEIRA // SENTIDO MACAXEIRA,MACAXEIRA,424.0,SUBURBIO,COLISÃO,MOTO X FORD KA,1.0,1.0,,,,,,,,0.0,,Longo da via,Chuvoso,Sem defeito,Perfeito estado,Molhada,Perfeito estado,Faixa de pedestre,Outras,,Única,Faixa contínua,Faixa seccionada,Canteiro central
2020-02-20,21:55:00,SEM VÍTIMA,FINALIZADA,BOA VIAGEM,RUA ERNESTO DE PAULA SANTOS,,RUA JONATHAS DE VASCONCELOS,E/F AO POSTO BR,BOA VIAGEM,,SUBURBIO,COLISÃO,COLISAO SEM VITIMAS,2.0,,,,,,,,,0.0,,Cruzamento,Bom,Não existe,Perfeito estado,Seca,Perfeito estado,Não existe,Não há placas,,Única,Faixa seccionada,,
2020-02-20,22:13:00,SEM VÍTIMA,CANCELADA,ÁGUA FRIA,EST VELHA DE AGUA FRIA,,,PROX AO DENOCS,ÁGUA FRIA,,,CHOQUE OBJETO FIXO,AUTO E ARVORE,1.0,,,,,,,,,0.0,,,,,,,,,,,,,,
2020-02-20,23:00:00,SEM VÍTIMA,CANCELADA,BOA VIAGEM,RUA VISCONDE DE JEQUITINHONHA,,RUA BARAO DE SOUZA LEAO,ENF AO HOSPITAL NOSSA SENHORA DAS GRAÇAS,BOA VIAGEM,124.0,,ENGAVETAMENTO,VERSA X PRISMA X JOY,3.0,,,,,,,,,0.0,,,,,,,,,,,,,,
2020-02-21,02:05:00,COM VÍTIMA,CANCELADA,SÃO JOSÉ,RUA IMPERIAL,,,PONTILHÃO DO FEIRÃO,SÃO JOSÉ,,,COLISÃO,COLISÃO ENTRE AUTO E MOTO- C/V,1.0,1.0,,,,,,,,1.0,,,,,,,,,,,,,,
2020-02-21,03:11:00,COM VÍTIMA,FINALIZADA,IBURA,AV RECIFE,,RUA SAO NICOLAU,PRÓX A CASA DAS BATERIAS // MARAVILHA MOTOS,IBURA,16.0,CIDADE,ABALROAMENTO TRANSVERSAL,COLISÃO ENTRE DOIS AUTOS- C/V,2.0,,,,,,,,,1.0,,Cruzamento,Bom,Sem defeito,Perfeito estado,Seca,Perfeito estado,Faixa de pedestre,R-6a,,Dupla,Canteiro central,,
2020-02-21,06:55:00,SEM VÍTIMA,FINALIZADA,BEBERIBE,AV BEBERIBE,,,,BEBERIBE,153.0,SUBURBIO,ABALROAMENTO TRANSVERSAL,COLISÃO SEM VITIMAS,1.0,1.0,,,,,,,,0.0,,Longo da via,Bom,Sem defeito,Perfeito estado,Seca,Perfeito estado,Faixa de pedestre,Outras,,Dupla,Faixa seccionada,,
2020-02-21,07:52:00,SEM VÍTIMA,FINALIZADA,PRADO,AV ENGENHEIRO ABDIAS DE CARVALHO,,,E/F A GRANVIA,PRADO,132.0,CIDADE,COLISÃO TRASEIRA,COLISÃO S/VITIMAS ENTRE DUAS MOTOS (USUÁRIO INF. QUE HOUVE ESCORIAÇÕES- NO ENTANTO- NÃO VAI SER ACIONADO SAMU),,2.0,,,,,,,,0.0,,Longo da via,Bom,Sem defeito,Perfeito estado,Seca,Perfeito estado,Faixa de pedestre,R-6a,,Dupla,Faixa seccionada,,
2020-02-21,08:13:00,SEM VÍTIMA,FINALIZADA,AFOGADOS,RUA VINTE E UM DE ABRIL,,,,AFOGADOS,,CIDADE,ABALROAMENTO LONGITUDINAL,COLISÃO SEM VITIMAS,1.0,,,,,,1.0,,,0.0,,Longo da via,Bom,Não existe,Incompleta,Seca,Mal conservada,Não existe,Não há placas,,Dupla,Não existe,,
2020-02-21,08:26:00,SEM VÍTIMA,FINALIZADA,BOA VIAGEM,AV CONSELHEIRO AGUIAR,2217,,LADO OPOSTO A PORTOBELLO SHOP,BOA VIAGEM,,CIDADE,ABALROAMENTO LONGITUDINAL,COLISAO SEM VITIMAS,1.0,,,,,1.0,,,,0.0,,Longo da via,Bom,Não existe,Perfeito estado,Seca,Perfeito estado,Não existe,Outras,,Única,Faixa contínua,Faixa seccionada,
2020-02-21,08:48:00,SEM VÍTIMA,FINALIZADA,AFOGADOS,RUA NICOLAU PEREIRA,,RUA DO ACRE,MERCADO DE AFOGADOS,AFOGADOS,,SUBURBIO,COLISÃO TRASEIRA,AUTO E MOTO,1.0,1.0,,,,,,,,0.0,,Longo da via,Bom,Não existe,Perfeito estado,Seca,Perfeito estado,Não existe,Outras,,Única,Não existe,,
2020-02-21,09:25:00,SEM VÍTIMA,FINALIZADA,,RUA RIO AZUL,,,LADO OPOSTO AO POSTE B 007734,,,CIDADE,ABALROAMENTO LONGITUDINAL,DOIS AUTOS,2.0,,,,,,,,,0.0,,Longo da via,Bom,Não existe,Perfeito estado,Seca,Perfeito estado,Não existe,Outras,,Única,Faixa seccionada,,
2020-02-21,09:53:00,SEM VÍTIMA,FINALIZADA,BOA VIAGEM,RUA MINISTRO NELSON HUNGRIA,,RUA MARIA CAROLINA,,BOA VIAGEM,,SUBURBIO,ABALROAMENTO TRANSVERSAL,COLISÃO S/VITIMAS ENTRE UMA MOTO E UM AUTO,1.0,1.0,,,,,,,,0.0,,Cruzamento,Bom,Não existe,Perfeito estado,Seca,Perfeito estado,Faixa de retenção,Não há placas,,Única,Não existe,,
2020-02-21,09:57:00,SEM VÍTIMA,FINALIZADA,PARNAMIRIM,RUA SEBASTIAO MALTA ARCOVERDE,173,,,PARNAMIRIM,,SUBURBIO,COLISÃO TRASEIRA,COLISÃO SEM VITIMAS VT 08 QTH,2.0,,,,,,,,,0.0,,Longo da via,Bom,Não existe,Perfeito estado,Seca,Perfeito estado,Não existe,Não há placas,,Única,Não existe,,
2020-02-21,09:59:00,SEM VÍTIMA,CANCELADA,CASA FORTE,AV DEZESSETE DE AGOSTO,1472,EST REAL DO POCO,EM FRENTE A AMERICANA EXPRESS,CASA FORTE,,,COLISÃO,DOIS AUTOS,2.0,,,,,,,,,0.0,,,,,,,,,,,,,,
2020-02-21,11:36:00,SEM VÍTIMA,CANCELADA,ESPINHEIRO,AV JOAO DE BARROS,1593,,EM FRENTE AO COLEGIO SABER VIVER,ESPINHEIRO,,,COLISÃO,COLISAO SEM VITIMAS,2.0,,,,,,,,,0.0,,,,,,,,,,,,,,
2020-02-21,11:40:00,SEM VÍTIMA,FINALIZADA,AFOGADOS,EST DOS REMEDIOS,,,SUPERMERCADO TODO DIA,AFOGADOS,,SUBURBIO,ABALROAMENTO LONGITUDINAL,COLISÃO  SEM VITIMAS,1.0,,,,,,,,1.0,0.0,,Longo da via,Chuvoso,Sem defeito,Perfeito estado,Molhada,Perfeito estado,Faixa de pedestre,Placas Dê a preferência,,Dupla,Faixa contínua,,
2020-02-21,11:50:00,COM VÍTIMA,CANCELADA,JARDIM SÃO PAULO,EST DO CURADO,737,,EM FRENTE AO POSTO DE SAUDE  PLANETA DOS MACACOS 2,JARDIM SÃO PAULO,,,COLISÃO,COLISÃO COM VITIMA  A ESPERA DO SAMU,2.0,,,,,,,,,2.0,,,,,,,,,,,,,,
2020-02-21,11:51:00,SEM VÍTIMA,FINALIZADA,BOA VISTA,AV MONTEVIDEU,34,,BIG BOM PREÇO DO PARQUE AMORIM,BOA VISTA,,SUBURBIO,ABALROAMENTO LONGITUDINAL,COLISÃO S/VITIMAS ENTRE UM AUTO E UM CAMINHAO,1.0,,,,,,1.0,,,0.0,,Longo da via,Chuvoso,Não existe,Não existente,Molhada,Perfeito estado,Não existe,,,Única,Não existe,,
2020-02-21,11:59:00,COM VÍTIMA,FINALIZADA,CÓRREGO DO JENIPAPO,AV NORTE,,,PRÓX. AO TERMINAL DA MACAXEIRA. LADO OPOSTO AO PONTO DE ÔNIBUS Nº 110001.,CÓRREGO DO JENIPAPO,,CIDADE,COLISÃO TRASEIRA,COLISÃO C/VITIMA ENTRE TRES AUTOS E MOTO (V.T06 NO QTH),3.0,1.0,,,,,,,,1.0,,Longo da via,Bom,Não existe,Perfeito estado,Seca,Perfeito estado,Não existe,Não há placas,60 km/h,Dupla,Canteiro central,,
2020-02-21,12:19:00,SEM VÍTIMA,FINALIZADA,BOA VIAGEM,AV CONSELHEIRO AGUIAR,,RUA RIBEIRO DE BRITO,,BOA VIAGEM,147.0,CIDADE,COLISÃO TRASEIRA,COLISÃO SEM VÍTIMA,2.0,,,,,,,,,0.0,,Cruzamento,Bom,Sem defeito,Perfeito estado,Seca,Perfeito estado,Faixa de pedestre,R-6a,,Única,Faixa seccionada,,
2020-02-21,12:24:00,SEM VÍTIMA,CANCELADA,IBURA,AV DOM HELDER CAMARA,,,AO LADO DO NUCLEO DA PM/ SENTIDO IPSEP,IBURA,,,COLISÃO,COLISÃO SEM VÍTIMA,1.0,,,,,,1.0,,,0.0,,,,,,,,,,,,,,
2020-02-21,13:11:00,SEM VÍTIMA,FINALIZADA,DOIS IRMÃOS,RUA DOIS IRMAOS,1117,,EM FRENTE A LAFEPE,DOIS IRMÃOS,,CIDADE,COLISÃO TRASEIRA,COLISAO S/ VITIMA. ENTRE CARRO E CAMINHAO,1.0,,,,,,1.0,,,0.0,,Longo da via,Bom,Sem defeito,Perfeito estado,Seca,Perfeito estado,Não existe,R-6a,,Dupla,,,
2020-02-21,13:27:00,SEM VÍTIMA,DUPLICIDADE,DOIS IRMÃOS,PRC FARIAS NEVES,S/V,,PROX A O ZOOLOGICO DOIS IRMAOS E/F AO LAFEPE,DOIS IRMÃOS,,,COLISÃO,COLISAO ENTRE CAMINHAO E AUTOS S/V,1.0,,,,,,1.0,,,0.0,,,,,,,,,,,,,,
2020-02-21,13:43:00,SEM VÍTIMA,FINALIZADA,GRAÇAS,RUA CONFEDERACAO DO EQUADOR,143,,,GRAÇAS,,CIDADE,ABALROAMENTO LONGITUDINAL,COLISAO S/ VITIMA ENTRE DOIS VEICULOS,2.0,,,,,,,,,0.0,,Longo da via,Bom,Não existe,Perfeito estado,Seca,Perfeito estado,Agente,Outras,40 km/h,,Não existe,,
2020-02-21,14:41:00,SEM VÍTIMA,FINALIZADA,BOA VISTA,RUA AURORA,,AV CONDE DA BOA VISTA,,BOA VISTA,,CIDADE,CHOQUE OBJETO FIXO,VEÍCULO CHOCOU-SE COM UMA BARRACA,,,,,,1.0,,,,0.0,,Longo da via,Bom,Sem defeito,Perfeito estado,Seca,Perfeito estado,Não existe,Não há placas,,Única,Não existe,,
2020-02-21,15:32:00,COM VÍTIMA,FINALIZADA,SÍTIO DOS PINTOS,EST DOS PINTOS,,,GRANJA DE DONA LOLA. PANIFICADORA NOVA OPÇÃO.,SÍTIO DOS PINTOS,,SUBURBIO,COLISÃO COM CICLISTA,COLISAO COM VITIMA ENTRE ONIBUS E CICLISTA,,,,1.0,,1.0,,,,1.0,,Longo da via,Bom,Não existe,Perfeito estado,Seca,Perfeito estado,Não existe,Outras,,Dupla,Não existe,,
2020-02-21,15:40:00,SEM VÍTIMA,FINALIZADA,BAIRRO DO RECIFE,AV MILITAR,,,SOB O SEMÁFORO 436,BAIRRO DO RECIFE,436.0,CIDADE,COLISÃO TRASEIRA,COLISÃO SEM VÍTIMA,2.0,,,,,,,,,0.0,,Longo da via,Bom,Sem defeito,Perfeito estado,Seca,Perfeito estado,Agente,Não há placas,,Única,,,
2020-02-21,15:59:00,COM VÍTIMA,FINALIZADA,ENCRUZILHADA,EST DE BELEM,,RUA DONA JULIETA,EM FRENTE A IGREJA DE BELEM,ENCRUZILHADA,,SUBURBIO,ABALROAMENTO TRANSVERSAL,COLISÃO COM VÍTIMA,1.0,1.0,,,,,,,,1.0,,Longo da via,Bom,Não existe,Perfeito estado,Seca,Perfeito estado,Não existe,Outras,40 km/h,Dupla,Faixa contínua,,
2020-02-21,18:30:00,SEM VÍTIMA,FINALIZADA,BOA VIAGEM,RUA DEZ DE JULHO,,,SEI,BOA VIAGEM,322.0,CIDADE,ABALROAMENTO LONGITUDINAL,COLISÃO ENTRE AUTO E ÔNIBUS S/V,1.0,,,,,1.0,,,,0.0,,Longo da via,Bom,Sem defeito,Perfeito estado,Seca,Perfeito estado,Não existe,Não há placas,,Única,Não existe,,
2020-02-21,18:40:00,SEM VÍTIMA,FINALIZADA,BOA VISTA,RUA BISPO CARDOSO AYRES,229,,,BOA VISTA,,SUBURBIO,CHOQUE VEÍCULO PARADO,CHOQUE ENVOLVENDO DOIS AUTOS,2.0,,,,,,,,,0.0,,Longo da via,Bom,Não existe,Perfeito estado,Seca,Perfeito estado,Não existe,Outras,40 km/h,Única,Não existe,,
2020-02-21,18:55:00,SEM VÍTIMA,FINALIZADA,PINA,AV CONSELHEIRO AGUIAR,226,,OPOSTO A MASSARIA,PINA,,CIDADE,ABALROAMENTO LONGITUDINAL,COLISÃO ENTRE AUTO E ÔNIBUS S/V,1.0,,,,,1.0,,,,0.0,,Longo da via,Bom,Não existe,Perfeito estado,Seca,,Não existe,R-6a,,Única,Faixa seccionada,,
2020-02-21,18:58:00,SEM VÍTIMA,FINALIZADA,GRAÇAS,AV RUI BARBOSA,,RUA BRUNO MAIA,FARMACIA DROGASIL,GRAÇAS,,CIDADE,ABALROAMENTO LONGITUDINAL,HB 20 X PRISMA,2.0,,,,,,,,,0.0,,Longo da via,Bom,Sem defeito,Perfeito estado,Seca,Perfeito estado,Não existe,Outras,,Única,Faixa seccionada,,
2020-02-21,19:46:00,SEM VÍTIMA,FINALIZADA,IPUTINGA,RUA CERES,,AV PROFESSOR MORAES REGO,,IPUTINGA,,SUBURBIO,ABALROAMENTO LONGITUDINAL,LOGAN X MOTO BROS C/V- APÓS A VIATURA CHEGAR AO LOCAL O SOLICITANTE ENTROU EM CONTATO INFORMANDO QUE A VITIMA NÃO IRIA SOLICITAR SOCORRO E NÃO IRIA SE DIRIGIR A UM HOSPITAL-- O MESMO INFORMOU QUE ERA PARA EU TIRA A VITIMA E DEIXAR A COLISÃO COMO SEM VITIMA,1.0,1.0,,,,,,,,0.0,,,Bom,Não existe,Incompleta,Seca,Perfeito estado,Não existe,Não há placas,,Dupla,Não existe,,
2020-02-21,20:33:00,SEM VÍTIMA,FINALIZADA,CORDEIRO,RUA GOMES TABORDA,624,,EM FRENTE A DROGASIL,CORDEIRO,67.0,,COLISÃO TRASEIRA,COLISÃO ENTRE DOIS AUTOS S/V,2.0,,,,,,,,,0.0,,Longo da via,Bom,Sem defeito,Perfeito estado,Seca,Perfeito estado,Faixa de pedestre,Outras,,Dupla,Faixa contínua,,
2020-02-21,21:01:00,COM VÍTIMA,CANCELADA,IMBIRIBEIRA,AV MARECHAL MASCARENHAS DE MORAES,,,EM FRENTE AO GERALDÃO,IMBIRIBEIRA,,CIDADE,CHOQUE,VEÍCULO CHOCOU-SE NO GRADIL DO GERALDÃO C/V- OBSERVAÇÃO: A SOLICITANTE NÃO SABIA AO CERTO QUANTAS VITÍMAS FORAM E NÃO SABIA CONFIRMAR SE A VÍTIMA FOI FATAL- POIS NÃO ESTAVA CONSEGUINDO ENTRAR EM CONTATO COM O EFETIVO QUE ESTÁ NO LOCAL DA OCORRÊNCIA- PARA PEGAR AS INFORMAÇÕES DA QUANTIDADE DE VÍTIMA E PLACA DO VEÍCULO,1.0,,,,,,,,,1.0,,,,,,,,,,,,,,
2020-02-21,21:15:00,COM VÍTIMA,FINALIZADA,ENCRUZILHADA,AV BEBERIBE,600,RUA DR EDUARDO WANDERLEY,ENF A FERREIRA PINTO,ENCRUZILHADA,,SUBURBIO,ABALROAMENTO LONGITUDINAL,DUAS MOTOS ( XRE X HONDA CB),,2.0,,,,,,,,2.0,,Esquina,Bom,Sem defeito,Perfeito estado,Seca,Perfeito estado,,Não há placas,40 km/h,Dupla,Faixa contínua,,
2020-02-21,22:37:00,SEM VÍTIMA,CANCELADA,BOA VIAGEM,RUA ANTONIO DE SA LEITAO,254,,EM FRENTE A ACADEMIA TOP FIT,BOA VIAGEM,,,COLISÃO,COLISÃO ENTRE CAMINHÃO E AUTO S/V,2.0,,,,,,,,,0.0,,,,,,,,,,,,,,
2020-02-21,22:45:00,SEM VÍTIMA,FINALIZADA,CAMPO GRANDE,EST DE BELEM,1838,,,CAMPO GRANDE,,SUBURBIO,COLISÃO FRONTAL,AMBULANCIA X CLASSIC,2.0,,,,,,,,,0.0,,Cruzamento,Bom,Não existe,Ilegível,Seca,Mal iluminada,,Não há placas,,Dupla,,,
2020-02-22,01:50:00,SEM VÍTIMA,CANCELADA,BAIRRO DO RECIFE,AV ALFREDO LISBOA,,,EM FRENTE AO TRT,BAIRRO DO RECIFE,,,COLISÃO,COLISÃO ENTRE DOIS AUTOS S/V,2.0,,,,,,,,,0.0,,,,,,,,,,,,,,
2020-02-22,03:29:00,SEM VÍTIMA,CANCELADA,ILHA DO RETIRO,AV ENGENHEIRO ABDIAS DE CARVALHO,,,EM FRENTE A ILHA DO RETIRO,ILHA DO RETIRO,355.0,,COLISÃO,,2.0,,,,,,,,,0.0,,,,,,,,,,,,,,
2020-02-22,06:57:00,COM VÍTIMA,FINALIZADA,CASA AMARELA,RUA PAULA BATISTA,,RUA MAJOR NEREU GUERRA,PROX. A IGREJA DA HARMONIA,CASA AMARELA,136.0,SUBURBIO,COLISÃO COM CICLISTA,AUTO E CICLISTA,1.0,,,1.0,,,,,,1.0,,Cruzamento,Chuvoso,Sem defeito,Perfeito estado,Molhada,Perfeito estado,Faixa de pedestre,R-31,,Dupla,Não existe,,
2020-02-22,07:06:00,SEM VÍTIMA,FINALIZADA,DERBY,AV GOVERNADOR AGAMENON MAGALHAES,,RUA JAGUAPITA,,DERBY,,CIDADE,CHOQUE OBJETO FIXO,AUTO CHOCOU-SE COM POSTE,1.0,,,,,,,,,0.0,,Longo da via,Bom,Sem defeito,Perfeito estado,Seca,Perfeito estado,,,,Única,Faixa seccionada,,
2020-02-22,07:45:00,COM VÍTIMA,FINALIZADA,PARNAMIRIM,RUA JOAO TUDE DE MELO,91,RUA VIRGINIA LORETO,EM BAIXO DO SEMAFORO  649 EM FRENTE AO GUAIAMUM GIGANTE,PARNAMIRIM,649.0,SUBURBIO,ABALROAMENTO TRANSVERSAL,COLISÃO COM VITIMA A ESPERA DO SAMU,1.0,1.0,,,,,,,,1.0,,Longo da via,Bom,Sem defeito,Perfeito estado,Seca,Perfeito estado,Faixa de pedestre,Não há placas,,Dupla,Canal,,