data,hora,natureza_acidente,situacao,bairro,endereco,numero,detalhe_endereco_acidente,complemento,bairro_cruzamento,num_semaforo,sentido_via,tipo,descricao,auto,moto,ciclom,ciclista,pedestre,onibus,caminhao,viatura,outros,vitimas,vitimasfatais,acidente_verificado,tempo_clima,situacao_semaforo,sinalizacao,condicao_via,conservacao_via,ponto_controle,situacao_placa,velocidade_max_via,mao_direcao,divisao_via1,divisao_via2,divisao_via3
2020-03-07,16:50:00,SEM VÍTIMA,FINALIZADA,ÁGUA FRIA,RUA DA REGENERACAO,668,,AO LADO DA BUDEGA PRIME,ÁGUA FRIA,,,ABALROAMENTO LONGITUDINAL,COLISÃO S/VITIMAS ENTRE UM AUTO E CAMINHÃO,1.0,,,,,,,,2.0,0.0,,Longo da via,Bom,Não existe,,Seca,Perfeito estado,Não existe,Não há placas,,Dupla,Não existe,,
2020-03-07,16:57:00,SEM VÍTIMA,FINALIZADA,BOA VIAGEM,AV BOA VIAGEM,4988,RUA DR VICENTE GOMES,EDF. LUIZ DIAS LINS,BOA VIAGEM,483.0,,COLISÃO TRASEIRA,COLISAO S/ VITIMA ENTRE DOIS VEICULOS. VT 07 BARRETO- ALDILON E GERLANE. NO LOCAL,2.0,,,,,,,,,0.0,,Longo da via,Bom,Sem defeito,Perfeito estado,Seca,Perfeito estado,Faixa de pedestre,Não há placas,,Única,Faixa seccionada,,
2020-03-07,17:12:00,SEM VÍTIMA,FINALIZADA,AFOGADOS,RUA SAO MIGUEL,800,RUA BEZERRA DA PALMA,JUNTO AO QUARTEL DO EXERCITO 14º BATALHÃO LOGISTICO,AFOGADOS,,SUBURBIO,COLISÃO,VEÍCULO VW/ GOL COM AVARIAS SEM CONDIÇÕES DE REMOÇÃO- CONDUTOR AUSENTE,1.0,,,,,,,,,0.0,,,,,,,,,,,,,,
2020-03-07,18:31:00,SEM VÍTIMA,FINALIZADA,MADALENA,EST DOS REMEDIOS,,RUA BENFICA,,MADALENA,51.0,,ABALROAMENTO TRANSVERSAL,COLISAO SEM VITIMAS,1.0,,,,,1.0,,,,0.0,,Cruzamento,Bom,Sem defeito,Perfeito estado,Seca,Perfeito estado,Faixa de pedestre,R-25d,,Única,Faixa contínua,,
2020-03-07,19:16:00,SEM VÍTIMA,CANCELADA,ESTÂNCIA,AV RECIFE,,,E/F A ANTIGA ROYALL E POSTO SHELL / APÓS O MACKRO,ESTÂNCIA,,,COLISÃO,ENTRE 2 AUTOS. S/V,2.0,,,,,,,,,0.0,,,,,,,,,,,,,,
2020-03-07,20:14:00,SEM VÍTIMA,FINALIZADA,BOA VIAGEM,AV CONSELHEIRO AGUIAR,1385,RUA FREI LEANDRO,EM FRENTE A GALERIA NORTE CENTER,BOA VIAGEM,240.0,CIDADE,ABALROAMENTO LONGITUDINAL,COLISAO SEM VITIMAS,1.0,1.0,,,,,,,,0.0,,Longo da via,Bom,Sem defeito,Perfeito estado,Seca,Perfeito estado,Faixa de pedestre,R-6a,60 km/h,Única,Faixa contínua,,
2020-03-07,22:14:00,SEM VÍTIMA,CANCELADA,AFOGADOS,LARGO DA PAZ,243,,PRÓX A IGREJA UNIVERSAL,AFOGADOS,,,COLISÃO,ENTRE 2 AUTOS. S/V,2.0,,,,,,,,,0.0,,,,,,,,,,,,,,
2020-03-08,00:17:00,SEM VÍTIMA,FINALIZADA,IPSEP,AV RECIFE,3045,,EM FRENTE AO POSTO FEDERAL,IPSEP,,CIDADE,CHOQUE OBJETO FIXO,VEÍCULO CHOCOU-SE CONTRA UM POSTE.,1.0,,,,,,,,,0.0,,Longo da via,Bom,Não existe,Perfeito estado,Seca,Perfeito estado,Não existe,Não há placas,60 km/h,Dupla,Faixa seccionada,Canteiro central,
2020-03-08,00:28:00,SEM VÍTIMA,FINALIZADA,JARDIM SÃO PAULO,RUA NOSSA SENHORA DE FATIMA,131,,PRÓXIMO A PRAÇA JARDIM SÃO PAULO,JARDIM SÃO PAULO,,CIDADE,COLISÃO TRASEIRA,COLISÃO ENTRE DOIS AUTOS- S/V,2.0,,,,,,,,,0.0,,Longo da via,Bom,Não existe,Não existente,Seca,Perfeito estado,Não existe,Não há placas,,Única,Não existe,,
2020-03-08,00:53:00,SEM VÍTIMA,FINALIZADA,GRAÇAS,AV RUI BARBOSA,,RUA TENENTE ANTONIO JOAO,EM FRENTE AO COLÉGIO AGNES,GRAÇAS,,CIDADE,CHOQUE OBJETO FIXO,VEÍCULO CHOCOU-SE CONTRA UM POSTE.,1.0,,,,,,,,,0.0,,Longo da via,Bom,Não existe,Perfeito estado,Seca,Perfeito estado,Não existe,Não há placas,,Única,Não existe,,
2020-03-08,05:27:00,COM VÍTIMA,FINALIZADA,BOA VIAGEM,AV CONSELHEIRO AGUIAR,2892,RUA PADRE BERNADINO PESSOA,,BOA VIAGEM,125.0,CIDADE,ABALROAMENTO TRANSVERSAL,COLISÃO ENTRE DOIS AUTOS C/V,2.0,,,,,,,,,1.0,,Cruzamento,Bom,Sem defeito,Perfeito estado,Seca,Perfeito estado,Faixa de pedestre,Não há placas,60 km/h,Única,Faixa seccionada,,
2020-03-08,08:50:00,SEM VÍTIMA,FINALIZADA,IMBIRIBEIRA,AV PRESIDENTE DUTRA,50,,EM FRENTE A TRÓPICOS ENGENHARIA,IMBIRIBEIRA,,SUBURBIO,ABALROAMENTO LONGITUDINAL,COLISÃO S/VITIMAS ENTRE UM ONIBUS E UM AUTO,1.0,,,,,1.0,,,,0.0,,,Bom,,Perfeito estado,Seca,Perfeito estado,,,,Dupla,Faixa contínua,Canteiro central,
2020-03-08,09:01:00,COM VÍTIMA,FINALIZADA,CAXANGÁ,AV CAXANGA,5717,,EM BAIXO DO SEMAFORO 262,CAXANGÁ,262.0,CIDADE,COLISÃO TRASEIRA,COLISÃO COM VITIMA A ESPERA DO SAMU  CRISTIANO QTH,1.0,1.0,,,,,,,,1.0,,Longo da via,Bom,Sem defeito,Perfeito estado,Seca,Perfeito estado,,,,Dupla,Faixa contínua,Faixa seccionada,Canteiro central
2020-03-08,10:53:00,SEM VÍTIMA,FINALIZADA,CAMPO GRANDE,RUA JERONIMO VILELA,,RUA DR MACHADO,,CAMPO GRANDE,565.0,SUBURBIO,ABALROAMENTO TRANSVERSAL,COLISÃO SEM VITIMAS,2.0,,,,,,,,,0.0,,Cruzamento,Bom,Sem defeito,Perfeito estado,Seca,,Faixa de pedestre,,,Dupla,Faixa contínua,,
2020-03-08,10:58:00,SEM VÍTIMA,FINALIZADA,BOA VIAGEM,RUA DOS NAVEGANTES,,RUA CORONEL BENEDITO CHAVES,AO LADO DO Nº 401,BOA VIAGEM,,,ABALROAMENTO TRANSVERSAL,COLISÃO S/VITIMAS ENTRE DOIS AUTOS,2.0,,,,,,,,,0.0,,Cruzamento,Bom,Não existe,Perfeito estado,Seca,Perfeito estado,Não existe,R-4a,,Única,Não existe,,
2020-03-08,12:11:00,SEM VÍTIMA,FINALIZADA,CASA AMARELA,RUA PADRE LEMOS,,,MAGAZINE LUIZA,CASA AMARELA,,SUBURBIO,ABALROAMENTO TRANSVERSAL,COLISÃO SEM VÍTIMA,1.0,,,,,1.0,,,,0.0,,Longo da via,Bom,Não existe,Perfeito estado,Seca,Perfeito estado,Não existe,Outras,40 km/h,Dupla,Faixa seccionada,,
2020-03-08,12:42:00,SEM VÍTIMA,FINALIZADA,BOA VIAGEM,RUA GENERAL EDSON AMANCIO RAMALHO,,RUA PEDRO PAES MENDONCA,,BOA VIAGEM,544.0,CIDADE,COLISÃO TRASEIRA,COLISÃO SEM VÍTIMA,3.0,,,,,,,,,0.0,,Longo da via,Bom,Sem defeito,Perfeito estado,Seca,Perfeito estado,Faixa de pedestre,R-6a,,Única,Faixa contínua,,
2020-03-08,13:04:00,COM VÍTIMA,FINALIZADA,MADALENA,RUA BENFICA,1150,,EM FRENTE AO MUSEU DA ABOLIÇÃO,MADALENA,257.0,SUBURBIO,COLISÃO COM CICLISTA,COLISAO COM VITIMA ENTRE ONIBUS E BICICLETA,,,,1.0,,1.0,,,,1.0,,Longo da via,Bom,Sem defeito,Perfeito estado,Seca,Perfeito estado,Faixa de pedestre,R-26,40 km/h,Dupla,Faixa contínua,,
2020-03-08,13:18:00,SEM VÍTIMA,FINALIZADA,IPSEP,RUA JEAN EMILE FAVRE,,RUA PADRE LIMA E SA,PRÓXIMO A PADARIA MUSTAPAN,IPSEP,,CIDADE,ABALROAMENTO TRANSVERSAL,COLISÃO SEM VÍTIMA,2.0,,,,,,,,,0.0,,Cruzamento,Bom,Não existe,Perfeito estado,,,,Placas Pare,,Dupla,Faixa seccionada,,
2020-03-08,13:26:00,SEM VÍTIMA,FINALIZADA,ESTÂNCIA,AV RECIFE,,RUA MAESTRO ALCIDES LEAO,AO LADO DO MOTEL ESTORIL,ESTÂNCIA,,SUBURBIO,ABALROAMENTO LONGITUDINAL,COLISAO S/ VITIMA ENTRE DOIS VEICULOS,2.0,,,,,,,,,0.0,,Longo da via,Bom,Não existe,,Seca,,Não existe,R-6a,,Dupla,Canteiro central,,
2020-03-08,13:35:00,SEM VÍTIMA,CANCELADA,PINA,RUA ARQUITETO AUGUSTO REINALDO,,,AO LADO DO ATACADO DA CONSTRUÇÃO,PINA,,,COLISÃO,COLISÃO SEM VÍTIMA,2.0,,,,,,,,,0.0,,,,,,,,,,,,,,
2020-03-08,15:39:00,SEM VÍTIMA,FINALIZADA,BOA VISTA,AV LINS PETIT,161,,PRAÇA CHORA MENINO,BOA VISTA,,CIDADE,COLISÃO TRASEIRA,COLISAO S/ VITIMA ENTRE DOIS VEICULOS,2.0,,,,,,,,,0.0,,Longo da via,Bom,Não existe,Perfeito estado,Seca,Perfeito estado,Não existe,Outras,,Única,Não existe,,
2020-03-08,16:39:00,SEM VÍTIMA,FINALIZADA,ENCRUZILHADA,AV JOAO DE BARROS,,AV NORTE,,ENCRUZILHADA,43.0,CIDADE,ABALROAMENTO TRANSVERSAL,COLISÃO SEM VÍTIMA,2.0,,,,,,,,,0.0,,Cruzamento,Bom,Sem defeito,Perfeito estado,Seca,Perfeito estado,Faixa de pedestre,Outras,,Dupla,Canteiro central,,
2020-03-08,17:00:00,SEM VÍTIMA,CANCELADA,ÁGUA FRIA,RUA TAMBOARA,855,,LOJA DO BAIXINHO,ÁGUA FRIA,,,COLISÃO,COLISAO S/ VITIMA. ENTRE MOTO E VEICULO,1.0,1.0,,,,,,,,0.0,,,,,,,,,,,,,,
2020-03-08,17:11:00,COM VÍTIMA,FINALIZADA,AFOGADOS,RUA SAO MIGUEL,558,,BRANCO DO BRASIL,AFOGADOS,,SUBURBIO,COLISÃO TRASEIRA,COLISAO COM VITIMA ENTRE MOTO E VEICULO,1.0,1.0,,,,,,,,1.0,,Longo da via,Bom,Não existe,,,,Não existe,,50 km/h,Dupla,Faixa contínua,,
2020-03-08,18:19:00,SEM VÍTIMA,CANCELADA,BOA VISTA,RUA JOAO FERNANDES VIEIRA,,,PROX AO BOM PREÇO,BOA VISTA,,,COLISÃO,COLISAO SEM VITIMAS,2.0,,,,,,,,,0.0,,,,,,,,,,,,,,
2020-03-08,19:39:00,COM VÍTIMA,FINALIZADA,AREIAS,AV RECIFE,657,,PROX AO MAKRO,AREIAS,,BR 101,COLISÃO,COLISAO COM VITIMAS,,1.0,,,,1.0,,,,1.0,,Longo da via,Bom,Não existe,Perfeito estado,Seca,Perfeito estado,Não existe,Não há placas,,Dupla,Canteiro central,,
2020-03-08,20:36:00,SEM VÍTIMA,CANCELADA,VÁRZEA,RUA BARAO DE CERRO LARGO,,,PROX AO POSTO DE SAUDE COSME DAMIAO,VÁRZEA,,,COLISÃO,COLISAO SEM VITIMAS,1.0,,,,,1.0,,,,0.0,,,,,,,,,,,,,,
2020-03-08,20:51:00,COM VÍTIMA,FINALIZADA,ÁGUA FRIA,EST VELHA DE AGUA FRIA,,,PROX AO DNOCS,ÁGUA FRIA,306.0,SUBURBIO,COLISÃO TRASEIRA,COLISAO COM VITIMAS,,2.0,,,,,,,,2.0,,Cruzamento,Bom,Sem defeito,Perfeito estado,Seca,Perfeito estado,Faixa de pedestre,,,Dupla,Canteiro central,,
2020-03-08,20:56:00,COM VÍTIMA,FINALIZADA,AREIAS,AV DR JOSE RUFINO,1508,RUA JOSE NATARIO,ENF. AO POSTO SHELL E FARMACIA DROGASIL,AREIAS,44.0,,ABALROAMENTO TRANSVERSAL,ONIX X UNO MILLE    OBS: VT DA CTTU N:10 ESTA NO LOCAL,2.0,,,,,,,,,2.0,,Cruzamento,Bom,Sem defeito,Perfeito estado,Seca,Perfeito estado,Faixa de pedestre,R-6a,40 km/h,Dupla,Faixa contínua,,
2020-03-08,21:24:00,COM VÍTIMA,FINALIZADA,IBURA,AV DOIS RIOS,,RUA FERNANDO TOMAZ DA SILVA,EM FRENTE A FARMACIA INDEPENDENTE,IBURA,323.0,SUBURBIO,CAPOTAMENTO,COLISÃO SEGUIDO DE CAPOTAMENTO,6.0,,,,,,,,,1.0,,Longo da via,Bom,Sem defeito,Perfeito estado,Seca,Perfeito estado,Faixa de pedestre,Outras,,Dupla,Faixa contínua,,
2020-03-08,22:45:00,SEM VÍTIMA,FINALIZADA,BOA VIAGEM,RUA BARAO DE SOUZA LEAO,,,,BOA VIAGEM,129.0,,ABALROAMENTO TRANSVERSAL,COLISAO SEM VITIMAS,2.0,,,,,,,,,0.0,,Cruzamento,Bom,Sem defeito,Perfeito estado,Seca,Perfeito estado,,,,Única,,,
2020-03-09,00:11:00,COM VÍTIMA,FINALIZADA,TORRÕES,AV ENGENHEIRO ABDIAS DE CARVALHO,240,,EM FRENTE A DROGARIA BONGI- AO LADO DA TECOMAT,TORRÕES,,SUBURBIO,COLISÃO,COLISÃO ENTRE AUTO E MOTO C/V,,1.0,,,,,,,,2.0,,,,,,,,,,,,,,
2020-03-09,02:11:00,SEM VÍTIMA,FINALIZADA,VASCO DA GAMA,RUA DOIS DE FEVEREIRO,523,,,VASCO DA GAMA,,SUBURBIO,CHOQUE VEÍCULO PARADO,COLISÃO ENTRE AUTO E CAMINHONETE S/V,1.0,,,,,,1.0,,,0.0,,Longo da via,Bom,Não existe,Não existente,Seca,Perfeito estado,Não existe,Não há placas,,Dupla,Não existe,,
2020-03-09,06:46:00,SEM VÍTIMA,FINALIZADA,ESPINHEIRO,RUA DO ESPINHEIRO,377,,APÓS O POSTO IPIRANGA,ESPINHEIRO,,SUBURBIO,ABALROAMENTO TRANSVERSAL,COLISÃO SEM VITIMAS,1.0,,,,,,,,,0.0,,Longo da via,,Não existe,Perfeito estado,Seca,Perfeito estado,Não existe,R-6a,,Única,Faixa seccionada,,
2020-03-09,07:18:00,SEM VÍTIMA,FINALIZADA,CABANGA,RUA BITURI,12,AV ENGENHEIRO JOSE ESTELITA,SECURITY CENTER DO BRASIL,CABANGA,,CIDADE,ABALROAMENTO TRANSVERSAL,COLISÃO SEM VITIMAS,1.0,1.0,,,,,,,,0.0,,Cruzamento,Bom,Não existe,Incompleta,Seca,Perfeito estado,Não existe,,,Única,,,
2020-03-09,07:38:00,SEM VÍTIMA,FINALIZADA,IMBIRIBEIRA,AV MARECHAL MASCARENHAS DE MORAES,,,PROX AO AEROPORTO AO RESTAURANTE CASA CHINA,IMBIRIBEIRA,,CIDADE,COLISÃO,COLISÃO SEM VITIMAS,2.0,,,,,,,,,0.0,,,,,,,,,,,,,,
2020-03-09,07:51:00,SEM VÍTIMA,CANCELADA,CORDEIRO,AV GENERAL SAN MARTIN,330,,PROX. A DR FRIOS SISTEMA DE REFRIGERAÇÃO,CORDEIRO,,,COLISÃO,AUTO E MOTO,1.0,1.0,,,,,,,,0.0,,,,,,,,,,,,,,
2020-03-09,07:56:00,SEM VÍTIMA,FINALIZADA,ILHA DO LEITE,AV GOVERNADOR AGAMENON MAGALHAES,4775,,EM FRENTE AO EMPRESARIAL THOMAS EDISON,ILHA DO LEITE,672.0,CIDADE,ABALROAMENTO LONGITUDINAL,COLISÃO SEM VITIMAS  GM  BT ROCHA CRISPIM  QTH,1.0,,,,,1.0,,,,0.0,,Longo da via,Bom,Sem defeito,Perfeito estado,Seca,Perfeito estado,Faixa de pedestre,Outras,60 km/h,Única,Faixa seccionada,,
2020-03-09,08:09:00,SEM VÍTIMA,FINALIZADA,AREIAS,AV RECIFE,,,LADO OPOSTO AO BIG BOMPREÇO,AREIAS,,SUBURBIO,COLISÃO TRASEIRA,TRES AUTOS,3.0,,,,,,,,,0.0,,Longo da via,Bom,Não existe,Perfeito estado,Seca,Perfeito estado,Não existe,Não há placas,,Dupla,Faixa seccionada,Canteiro central,
2020-03-09,08:20:00,SEM VÍTIMA,CANCELADA,ESPINHEIRO,RUA SANTO ELIAS,268,RUA DO ESPINHEIRO,EM FRENTEC AO EDF ANDROS,ESPINHEIRO,,,COLISÃO,,2.0,,,,,,,,,0.0,,,,,,,,,,,,,,
2020-03-09,08:33:00,SEM VÍTIMA,FINALIZADA,VÁRZEA,AV AFONSO OLINDENSE,1433,,PARADA DE ÔNIBUS Nº 080257,VÁRZEA,,,ABALROAMENTO LONGITUDINAL,VT 16 NO QTH / ONIBUS E AUTO PASSEIO,1.0,,,,,1.0,,,,0.0,,Longo da via,Bom,Não existe,Perfeito estado,Seca,Perfeito estado,Não existe,Outras,30 km/h,Dupla,Faixa contínua,,
2020-03-09,08:35:00,SEM VÍTIMA,FINALIZADA,ESPINHEIRO,AV JOAO DE BARROS,,RUA DA HORA,,ESPINHEIRO,656.0,SUBURBIO,ABALROAMENTO LONGITUDINAL,ONIBUS E AUTO,1.0,,,,,1.0,,,,0.0,,Cruzamento,Bom,Sem defeito,Perfeito estado,Seca,Perfeito estado,Faixa de pedestre,R-6a,,Única,Faixa seccionada,,
2020-03-09,09:15:00,SEM VÍTIMA,FINALIZADA,CORDEIRO,AV GENERAL SAN MARTIN,608,,ATACAREJO IDEAL,CORDEIRO,67.0,SUBURBIO,CHOQUE VEÍCULO PARADO,COLISÃO SEM VITIMAS,1.0,,1.0,,,,,,,0.0,,Longo da via,Bom,Sem defeito,Perfeito estado,Seca,Perfeito estado,Faixa de pedestre,R-6a,,Dupla,Faixa contínua,,
2020-03-09,10:05:00,SEM VÍTIMA,FINALIZADA,SANTO AMARO,RUA FREI CASSIMIRO,,RUA DO POMBAL,,SANTO AMARO,,SUBURBIO,ABALROAMENTO TRANSVERSAL,COLISÃO SEM VITIMAS,2.0,,,,,,,,,0.0,,Cruzamento,Bom,Não existe,Perfeito estado,Seca,Perfeito estado,Faixa de retenção,Placas Pare,,Dupla,Canteiro central,,
2020-03-09,10:52:00,SEM VÍTIMA,FINALIZADA,PARNAMIRIM,RUA TITO ROSAS,60,,EDF. RESIDENCIAL DA TORRE,PARNAMIRIM,,CIDADE,ABALROAMENTO LONGITUDINAL,COLISÃO S/VITIMAS ENTRE DOIS AUTOS E UMA MOTO,2.0,1.0,,,,,,,,0.0,,Longo da via,Bom,Não existe,Perfeito estado,Seca,Perfeito estado,Não existe,,,Única,Faixa seccionada,,
2020-03-09,11:49:00,SEM VÍTIMA,FINALIZADA,,RUA PAISSANDU,414,,UNIMED RECIFE,,,,ABALROAMENTO LONGITUDINAL,COLISÃO SEM VITIMAS,2.0,,,,,,,,,0.0,,Longo da via,Bom,Não existe,Perfeito estado,Seca,Perfeito estado,Não existe,Não há placas,,Única,Não existe,,
2020-03-09,11:55:00,SEM VÍTIMA,FINALIZADA,ESPINHEIRO,RUA DO ESPINHEIRO,1527,AV JOAO DE BARROS,EMPRESARIAL PHOENIX,ESPINHEIRO,89.0,,ABALROAMENTO LONGITUDINAL,COLISÃO S/VITIMAS ENTRE E DOIS AUTOS,1.0,,,,,,,,,0.0,,Longo da via,Bom,Sem defeito,Perfeito estado,Seca,Perfeito estado,Faixa de pedestre,R-6a,,Única,Faixa contínua,,
2020-03-09,11:59:00,COM VÍTIMA,FINALIZADA,IPUTINGA,AV MAURICIO DE NASSAU,,RUA DR JOSE ANASTACIO DA SILVA GUIMARAES,EM FRENTE AO PARQUE DO CAIARA,IPUTINGA,,CIDADE,ABALROAMENTO LONGITUDINAL,MOTO E VT DA PM,,1.0,,,,,,1.0,,2.0,,Longo da via,Bom,Sem defeito,Incompleta,Seca,Perfeito estado,Não existe,Não há placas,,Dupla,Não existe,,
2020-03-09,12:11:00,SEM VÍTIMA,FINALIZADA,CAMPO GRANDE,RUA ODORICO MENDES,573,,GGB ECO PEÇAS,CAMPO GRANDE,,SUBURBIO,COLISÃO TRASEIRA,COLISAO S/ VITIMA ENTRE ONIBUS E MOTO,,1.0,,,,1.0,,,,0.0,,Longo da via,Bom,Não existe,Perfeito estado,Seca,Perfeito estado,Não existe,R-6a,,Dupla,Faixa contínua,,
2020-03-09,12:11:00,SEM VÍTIMA,CANCELADA,BOA VISTA,AV MANOEL BORBA,,,POR TRAS DO SHOPPING BOA VISTA,BOA VISTA,,,COLISÃO,COLISAO ENTRE MOTO E AUTOS S/V,1.0,1.0,,,,,,,,0.0,,,,,,,,,,,,,,
2020-03-09,13:15:00,SEM VÍTIMA,FINALIZADA,MADALENA,AV ENGENHEIRO ABDIAS DE CARVALHO,64,,EM FRENTE AO POSTO IPIRANGA ( AUTO POSTO EL SHADDAY),MADALENA,,SUBURBIO,COLISÃO TRASEIRA,ENGAVETAMENTO S/ VITIMA ENTRE TRES VEICULOS. GCM: FABIO MONTERO E WILITON,2.0,,,,,,,,1.0,0.0,,Longo da via,Bom,Sem defeito,Perfeito estado,Seca,Perfeito estado,Agente,,60 km/h,Dupla,Faixa seccionada,,
2020-03-09,13:20:00,SEM VÍTIMA,FINALIZADA,ENCRUZILHADA,AV BEBERIBE,205,,AUTO ESCOLA NOVA YORK,ENCRUZILHADA,,SUBURBIO,COLISÃO TRASEIRA,COLISAO ENTRE ONIBUS E AUTOS S/V,1.0,,,,,1.0,,,,0.0,,Longo da via,Bom,Sem defeito,Perfeito estado,Seca,Perfeito estado,Faixa de retenção,Outras,,Dupla,Faixa contínua,Faixa seccionada,
2020-03-09,13:26:00,SEM VÍTIMA,FINALIZADA,DERBY,RUA PAISSANDU,,AV GOVERNADOR AGAMENON MAGALHAES,,DERBY,69.0,CIDADE,ABALROAMENTO LONGITUDINAL,COLISÃO SEM VÍTIMA,2.0,,,,,,,,,0.0,,Cruzamento,Bom,Sem defeito,Perfeito estado,Seca,Perfeito estado,Faixa de pedestre,,,Dupla,Canteiro central,,
2020-03-09,13:45:00,SEM VÍTIMA,FINALIZADA,CASA AMARELA,RUA DA HARMONIA,,,LADO OPOSTO AO NÚMERO 725,CASA AMARELA,,CIDADE,ABALROAMENTO LONGITUDINAL,COLISAO ENTRE ONIBUS E AUTOS S/V,1.0,,,,,1.0,,,,0.0,,Longo da via,Bom,Sem defeito,Perfeito estado,Seca,Perfeito estado,Faixa de pedestre,R-6a,,Dupla,Faixa seccionada,,
2020-03-09,13:52:00,SEM VÍTIMA,CANCELADA,CASA AMARELA,AV NORTE,6429,,APOS A MATERNIDADE BARROS LIMA,CASA AMARELA,256.0,SUBURBIO/ CIDADE,COLISÃO,COLISAO S/ VITIMA ENTRE DOIS VEICULOS,2.0,,,,,,,,,0.0,,,,,,,,,,,,,,
2020-03-09,13:59:00,SEM VÍTIMA,CANCELADA,SANTO ANTÔNIO,RUA IMPERADOR PEDRO SEGUNDO,,,E/F AO ARQUIVO PUBLICO,SANTO ANTÔNIO,,,COLISÃO COM CICLISTA,VEICULO COLIDIU COM UM CICLISTA S/V,1.0,,,1.0,,,,,,0.0,,,,,,,,,,,,,,
2020-03-09,14:43:00,SEM VÍTIMA,FINALIZADA,CAXANGÁ,AV CAXANGA,,RUA DONA INES CORREA DE ARAUJO,LADO OPOSTO AO RESIDENCIAL CAXANGÁ,CAXANGÁ,232.0,SUBURBIO,COLISÃO TRASEIRA,COLISAO ENTRE DOIS AUTOS S/V,2.0,,,,,,,,,0.0,,Cruzamento,Bom,Sem defeito,Perfeito estado,Seca,Perfeito estado,Faixa de pedestre,Outras,,Dupla,Canteiro central,,
2020-03-09,14:48:00,COM VÍTIMA,FINALIZADA,BOA VISTA,AV CONDE DA BOA VISTA,1370,RUA GONCALVES MAIA,EM FRENTE AO POSTO BR/ SENTIDO AGAMENON,BOA VISTA,299.0,SUBURBIO,ATROPELAMENTO,ATROPELAMENTO COM VÍTIMA,1.0,,,,1.0,,,,,1.0,,Longo da via,Bom,Sem defeito,Perfeito estado,Seca,Perfeito estado,Faixa de pedestre,Outras,,Dupla,Canteiro central,,
2020-03-09,14:55:00,SEM VÍTIMA,FINALIZADA,ENCRUZILHADA,AV NORTE,,,,ENCRUZILHADA,43.0,SUBURBIO,ABALROAMENTO LONGITUDINAL,,2.0,,,,,,,,,0.0,,Longo da via,Bom,Sem defeito,Perfeito estado,Seca,Perfeito estado,Faixa de pedestre,R-6a,,Única,Faixa seccionada,,
2020-03-09,15:17:00,SEM VÍTIMA,FINALIZADA,PRADO,AV ENGENHEIRO ABDIAS DE CARVALHO,2082,,F S MOTO PEÇAS,PRADO,,SUBURBIO,COLISÃO TRASEIRA,COLISÃO SEM VÍTIMA,2.0,,,,,,,,,0.0,,Longo da via,Bom,Não existe,Perfeito estado,Seca,Perfeito estado,Não existe,Não há placas,,Dupla,Canteiro central,,
2020-03-09,16:01:00,SEM VÍTIMA,FINALIZADA,AREIAS,AV DR JOSE RUFINO,1577,,,AREIAS,,SUBURBIO,ABALROAMENTO TRANSVERSAL,COLISÃO SEM VÍTIMA,1.0,,,,,1.0,,,,0.0,,Longo da via,Bom,Sem defeito,Perfeito estado,Seca,Perfeito estado,Outros,Outras,60 km/h,Dupla,Faixa contínua,,
2020-03-09,16:05:00,SEM VÍTIMA,FINALIZADA,ZUMBI,RUA GOMES TABORDA,1719,RUA FRANCISCO VITA,,ZUMBI,,SUBURBIO,ABALROAMENTO LONGITUDINAL,COLISAO S/ VITIMA. ENTRE CARRO E MOTO,1.0,1.0,,,,,,,,0.0,,Longo da via,Bom,Não existe,Perfeito estado,Seca,Perfeito estado,Não existe,Não há placas,,Dupla,Faixa seccionada,,
2020-03-09,16:11:00,SEM VÍTIMA,FINALIZADA,PAISSANDU,RUA VIS DO LIVRAMENTO,314,RUA PAISSANDU,LADO OPOSTO AO HOSPITAL DO CAPIBARIBE,PAISSANDU,,SUBURBIO,ABALROAMENTO LONGITUDINAL,COLISAO ENTRE DOIS AUTOS S/V,2.0,,,,,,,,,0.0,,Longo da via,Bom,Não existe,Perfeito estado,Seca,Perfeito estado,Não existe,R-6a,,Única,Não existe,,
2020-03-09,16:13:00,SEM VÍTIMA,FINALIZADA,BOA VIAGEM,AV BOA VIAGEM,3416,,,BOA VIAGEM,,CIDADE,ABALROAMENTO LONGITUDINAL,COLISÃO SEM VÍTIMA,2.0,1.0,,,,,,,,0.0,,Longo da via,Bom,Não existe,Perfeito estado,Seca,Perfeito estado,Agente,Não há placas,60 km/h,Única,Faixa seccionada,,
2020-03-09,16:22:00,SEM VÍTIMA,DUPLICIDADE,BOA VISTA,RUA PAISSANDU,750,,EM FRENTE AO HOSPITAL CAPIBARIBE,BOA VISTA,,,COLISÃO,COLISAO S/ VITIMA ENTRE DOIS VEICULOS,2.0,,,,,,,,,0.0,,,,,,,,,,,,,,
2020-03-09,16:48:00,SEM VÍTIMA,FINALIZADA,IBURA,RUA NOVA PALMEIRA,23,,,IBURA,,SUBURBIO,COLISÃO TRASEIRA,COLISÃO SEM VÍTIMA,2.0,,,,,,,,,0.0,,Longo da via,Bom,Não existe,Não existente,Seca,Perfeito estado,Não existe,Não há placas,60 km/h,Dupla,Não existe,,