data,hora,natureza_acidente,situacao,bairro,endereco,numero,detalhe_endereco_acidente,complemento,bairro_cruzamento,num_semaforo,sentido_via,tipo,descricao,auto,moto,ciclom,ciclista,pedestre,onibus,caminhao,viatura,outros,vitimas,vitimasfatais,acidente_verificado,tempo_clima,situacao_semaforo,sinalizacao,condicao_via,conservacao_via,ponto_controle,situacao_placa,velocidade_max_via,mao_direcao,divisao_via1,divisao_via2,divisao_via3
2020-06-18,11:21:00,COM VÍTIMA,FINALIZADA,IPSEP,RUA ITACARI,162,RUA ITAJAI,,IPSEP,,,ABALROAMENTO TRANSVERSAL,COLISÃO COM VÍTIMA ENTRE 2 AUTOS,2.0,,,,,,,,,1.0,,Cruzamento,Nublado,Não existe,Perfeito estado,Seca,Perfeito estado,Faixa de pedestre,Placas Pare,30 km/h,Única,Faixa seccionada,,
2020-06-18,15:11:00,SEM VÍTIMA,FINALIZADA,MADALENA,RUA DOM MANOEL DA COSTA,,RUA PADRE LANDIM,RUA PADRE LANDIM,MADALENA,,,COLISÃO,COLISÃO ENTRE 2 AUTOS- SEM VÍTIMAS,2.0,,,,,,,,,0.0,,Cruzamento,Bom,Sem defeito,Incompleta,Seca,Mal conservada,Faixa de pedestre,R-6a,N/I,Única,Faixa contínua,,
2020-06-18,15:12:00,SEM VÍTIMA,FINALIZADA,BOA VIAGEM,RUA ANTONIO FALCAO,,RUA DOS NAVEGANTES,,BOA VIAGEM,,,COLISÃO,COLISÃO ENTRE 2 AUTOS- SEM VÍTIMAS,2.0,,,,,,,,,0.0,,Cruzamento,Chuvoso,Não existe,Ilegível,Molhada,Perfeito estado,Outros,Placas Pare,N/I,Única,Não existe,,
2020-06-18,15:52:00,SEM VÍTIMA,FINALIZADA,TAMARINEIRA,RUA CONEGO BARATA,,,Em frente a Policlínica Albert Sabin sentido Água Fria,TAMARINEIRA,,SUBURBIO,COLISÃO,Condutora informa que seu veículo foi colidido na traseira por veículo da Secretaria de Saúde do Município de Recife,,,,,,,,,,0.0,,Longo da via,Chuvoso,Sem defeito,Perfeito estado,Molhada,Perfeito estado,Faixa de pedestre,R-6a,N/I,Única,Canteiro central,,
2020-06-18,16:16:00,COM VÍTIMA,FINALIZADA,SÃO JOSÉ,AV SUL,488,,ANTES DA ENTRADA DO CABANGA,SÃO JOSÉ,509.0,SUBURBIO,COLISÃO COM CICLISTA,COLISÃO ÔNIBUS X CICLISTA,,,,1.0,,1.0,,,,1.0,,Longo da via,Chuvoso,Sem defeito,Perfeito estado,Molhada,Perfeito estado,Não existe,Outras,60 km/h,Dupla,Faixa seccionada,,
2020-06-19,04:52:00,VÍTIMA FATAL,FINALIZADA,JOANA BEZERRA,VIADUTO CAPITAO TEMUDO,,,SENTIDO DERBY. ALÇA DE ACESSO A RUA IMPERIAL.,JOANA BEZERRA,,CIDADE,COLISÃO COM CICLISTA,MOTO X BICICLETA C/VITIMA FATAL,,1.0,,1.0,,,,,,1.0,1.0,Viaduto,Chuvoso,Não existe,Perfeito estado,Molhada,Perfeito estado,Não existe,R-19,40 km/h,Única,Faixa contínua,,
2020-06-19,07:46:00,SEM VÍTIMA,FINALIZADA,CASA FORTE,AV DEZESSETE DE AGOSTO,,,EM FRENTE A PIZZARIA HUTT,CASA FORTE,,,CHOQUE,VEÍCULO COLIDIU COM UM POSTE ESTÁ ATRAVESSADO NA VIA,1.0,,,,,,,,,0.0,,Longo da via,Chuvoso,Não existe,Perfeito estado,Molhada,Perfeito estado,Não existe,Outras,N/I,Dupla,Faixa contínua,,
2020-06-19,07:55:00,SEM VÍTIMA,FINALIZADA,ESPINHEIRO,RUA CONS PORTELA,,RUA QUARENTA E OITO,,ESPINHEIRO,,,COLISÃO,COLISÃO ENTE DOIS AUTOMÓVEIS. OBS: AGENTE ARTHUR.,2.0,,,,,,,,,0.0,,Cruzamento,Chuvoso,Sem defeito,Perfeito estado,Molhada,Perfeito estado,Agente,Outras,N/I,Única,Outros,,
2020-06-19,08:28:00,COM VÍTIMA,FINALIZADA,SANTO AMARO,AV GOVERNADOR AGAMENON MAGALHAES,1800,,PRÓXIMO REITORIA DA UNIVERSIDADE DE PERNAMBUCO- SENTIDO BOA VIAGEM,SANTO AMARO,,CIDADE,COLISÃO TRASEIRA,AUTO E MOTOCICLETA COM UMA VÍTIMA,1.0,1.0,,,,,,,,1.0,,Longo da via,Chuvoso,Sem defeito,Perfeito estado,Molhada,Perfeito estado,Não existe,Não há placas,60 km/h,Dupla,Canteiro central,,
2020-06-19,08:57:00,COM VÍTIMA,FINALIZADA,TORRÕES,AV ENGENHEIRO ABDIAS DE CARVALHO,,,LADO OPOSTO DLP VINHOS E DESTILADOS,TORRÕES,,CIDADE,ABALROAMENTO LONGITUDINAL,DOIS AUTOS E UMA MOTOCICLETA,2.0,1.0,,,,,,,,1.0,,Longo da via,Bom,Não existe,Perfeito estado,Seca,Perfeito estado,Não existe,Não há placas,,Dupla,Canteiro central,,
2020-06-19,10:24:00,COM VÍTIMA,FINALIZADA,ÁGUA FRIA,AV BEBERIBE,,,EM FRENTE PAGODE DA PRESSÃO E PRÓXIMO MERCADO ÀGUA FRIA,ÁGUA FRIA,,CIDADE,COLISÃO,DOIS AUTOS,2.0,,,,,,,,,1.0,,Longo da via,Bom,Sem defeito,Perfeito estado,Seca,Perfeito estado,Faixa de pedestre,Outras,N/I,Dupla,Faixa contínua,,
2020-06-19,14:22:00,COM VÍTIMA,FINALIZADA,TAMARINEIRA,AV NORTE,3927,RUA CONEGO BARATA,PRÓX DE GASOLINA AV. NORTE. LADO OPOSTO A PADARIA BELLA NORTE.,TAMARINEIRA,62.0,CIDADE,ATROPELAMENTO,ATROPELAMENTO ENTRE CAMINHÃO E PEDESTRE,1.0,,,,1.0,,,,,1.0,,Longo da via,Chuvoso,,Perfeito estado,Molhada,Perfeito estado,,,,Dupla,Canteiro central,,
2020-06-20,03:38:00,SEM VÍTIMA,FINALIZADA,BOA VISTA,AV CONDE DA BOA VISTA,,,EM FRENTE AO SHOPPING BOA VISTA,BOA VISTA,,SUBURBIO,CHOQUE,VIATURA DA PM SE CHOCOU CONTRA UM GELO BAIANO,1.0,,,,,,,,,0.0,,Cruzamento,Bom,Sem defeito,Perfeito estado,Seca,Perfeito estado,Outros,Outras,N/I,Dupla,Canteiro central,,
2020-06-20,12:09:00,COM VÍTIMA,FINALIZADA,SANTO AMARO,AV CRUZ CABUGA,1167,AV DR JAYME DA FONTE,EM FRENTE AO N 1189,SANTO AMARO,343.0,CIDADE,ABALROAMENTO TRANSVERSAL,COLISÃO COM VITIMA,,2.0,,,,,,,,2.0,,Cruzamento,Bom,Sem defeito,Perfeito estado,Seca,Perfeito estado,Faixa de pedestre,Não há placas,40 km/h,Dupla,Faixa seccionada,,
2020-06-20,13:26:00,SEM VÍTIMA,FINALIZADA,CASA FORTE,AV DEZESSETE DE AGOSTO,508,,EM FRENTE AO SHOPPING PLAZA,CASA FORTE,,CIDADE,COLISÃO,COLISÃO SEM VITIMA,2.0,1.0,,,,,,,,0.0,,Longo da via,Bom,Sem defeito,Perfeito estado,Seca,Perfeito estado,Faixa de pedestre,Outras,N/I,Dupla,Faixa contínua,,
2020-06-20,14:58:00,SEM VÍTIMA,FINALIZADA,CASA FORTE,AV DEZESSETE DE AGOSTO,487,,EM FRENTE AO N 487,CASA FORTE,,CIDADE,COLISÃO,COLISÃO SEM VITIMA,2.0,,,,,,,,,0.0,,Longo da via,Bom,Não existe,Perfeito estado,Seca,Perfeito estado,Outros,Outras,N/I,Dupla,Faixa contínua,,
2020-06-20,16:29:00,SEM VÍTIMA,CANCELADA,BOA VIAGEM,RUA PROFESSOR JOSE BRANDAO,390,RUA FRANCISCO DA CUNHA,EM FRENTE AO N 390,BOA VIAGEM,,SUBURBIO,COLISÃO,COLISÃO SEM VITIMA,1.0,1.0,,,,,,,,0.0,,,,,,,,,,,,,,
2020-06-20,19:51:00,COM VÍTIMA,FINALIZADA,IMBIRIBEIRA,AV MARECHAL MASCARENHAS DE MORAES,2274,,LADO OPOSTO A FERREIRA COSTA.,IMBIRIBEIRA,,SUBURBIO,ABALROAMENTO LONGITUDINAL,COLISÃO ENTRE TRÊS AUTOS E UMA MOTO.,3.0,1.0,,,,,,,,3.0,,Longo da via,Chuvoso,,Perfeito estado,Molhada,Perfeito estado,,R-6a,40 km/h,Dupla,Canteiro central,,
2020-06-21,07:24:00,SEM VÍTIMA,FINALIZADA,MACAXEIRA,AV NORTE,,,LADO OPSTO A ANTIGA FÁBRICA DA MACAXEIRA,MACAXEIRA,,,CHOQUE OBJETO FIXO,VEÍCULO: PDR 0343 : CHEVROLET ONIX,1.0,,,,,,,,,0.0,,,,,,,,,,,,,,
2020-06-21,12:22:00,COM VÍTIMA,FINALIZADA,AREIAS,AV RECIFE,,RUA AURORA CACOTE,EM FRENTE AO HOSPITAL DE AREIAS. CHURRASCARIA E PIZZARIA GALETUS.,AREIAS,,BOA VIAGEM,ABALROAMENTO TRANSVERSAL,AUTO E MOTO.,1.0,,1.0,,,,,,,1.0,,Esquina,Bom,Não existe,Perfeito estado,Seca,Mal conservada,Não existe,Placas Pare,60 km/h,Dupla,Canteiro central,,
2020-06-21,16:39:00,COM VÍTIMA,FINALIZADA,SÍTIO DOS PINTOS,EST DOS PINTOS,20,,PRÓXIMO UFRPE,SÍTIO DOS PINTOS,,CIDADE,COLISÃO COM CICLISTA,,1.0,,,1.0,2.0,,,,,5.0,,Longo da via,Bom,Não existe,Incompleta,Seca,Perfeito estado,Não existe,Não há placas,,Dupla,Não existe,,
2020-06-21,20:14:00,SEM VÍTIMA,FINALIZADA,SANTO AMARO,AV JOAO DE BARROS,,,PRÓXIMO AO POSTO BR- ENCONTRA-SE QUITANDARIA,SANTO AMARO,,SUBURBIO,COLISÃO,COLISÃO ENTRTE DOIS VEÍCULO,2.0,,,,,,,,,0.0,,Longo da via,Bom,Não existe,Perfeito estado,Seca,Perfeito estado,Não existe,Não há placas,N/I,Única,Faixa seccionada,,
2020-06-21,22:36:00,COM VÍTIMA,CANCELADA,JARDIM SÃO PAULO,AV SAO PAULO,505,,PIZARIA PASSIRA,JARDIM SÃO PAULO,,SUBURBIO,COLISÃO,AUTO E MOTO,1.0,1.0,,,,,,,,1.0,,,,,,,,,,,,,,
2020-06-22,08:56:00,COM VÍTIMA,FINALIZADA,SANTO AMARO,AV NORTE,1255,,APOS O VIADUTO DA AV NORTE NO  SENTIDO CIDADE. UNIDADE DA SAÚDE DA FAMÍLIA DE SANTO AMARO 3.,SANTO AMARO,,CIDADE,ATROPELAMENTO,ATROPELAMENTO  EM SEGUIDA CONDUTOR BATEU CONTRA POSTE  COM 2 VITIMAS A ESPERA DO SAMU BT MOTO 20 .37 QTH,,1.0,,,1.0,,,,,2.0,,Longo da via,Bom,Não existe,Perfeito estado,Seca,Perfeito estado,Não existe,Outras,60 km/h,Dupla,Canteiro central,,
2020-06-22,09:50:00,COM VÍTIMA,FINALIZADA,GRAÇAS,RUA AMELIA,293,,EM FRENTE A LOJA VIA MUNDI,GRAÇAS,,SUBURBIO,COLISÃO TRASEIRA,COLISÃO COM VITIMA A ESPERA DO SAMU  GM JOSIMAR JUNIOR QTH,1.0,1.0,,,,,,,,1.0,,Longo da via,Bom,Sem defeito,Perfeito estado,Seca,Perfeito estado,Outros,Outras,,Única,Faixa contínua,,
2020-06-22,12:31:00,COM VÍTIMA,FINALIZADA,MACAXEIRA,AV JOSE AMERICO DE ALMEIDA,392,,EM FRENTE AO MERCADINHO BELA VISTA E EM FRENTE A ACADEMIA PONTO CERTO,MACAXEIRA,,SUBURBIO,ABALROAMENTO LONGITUDINAL,COLISÃO COM VÍTIMA,,1.0,,,,1.0,,,,1.0,,Longo da via,Bom,Não existe,Perfeito estado,Seca,Perfeito estado,,R-6a,,Dupla,Canteiro central,,
2020-06-22,13:20:00,SEM VÍTIMA,FINALIZADA,IBURA,RUA RIO DA PRATA,,,NO FINAL DA RUA PROX AO CENTRO DE APOIO SOCIAL ESPORTIVO CULTURAL,IBURA,,,COLISÃO,COLISAO EM VT DA POLICIA E AUTO S/V,1.0,,,,,,,1.0,,0.0,,Longo da via,Bom,Não existe,Perfeito estado,Seca,Perfeito estado,Não existe,Não há placas,N/I,Dupla,Faixa contínua,,
2020-06-22,14:13:00,COM VÍTIMA,FINALIZADA,CORDEIRO,EST DO FORTE DO ARRAIAL N. DO B. JESUS,1592,RUA ONZE DE FEVEREIRO,EM FRENTE A LAVANDERIA ROUPA LIMPA. FORTE DO COCO.,CORDEIRO,,SUBURBIO,ABALROAMENTO LONGITUDINAL,COLISÃO COM VÍTIMA,,2.0,,,,,,,,1.0,,Longo da via,Bom,Não existe,Incompleta,Seca,Perfeito estado,Não existe,Outras,,Dupla,Não existe,,
2020-06-22,17:07:00,COM VÍTIMA,FINALIZADA,ESTÂNCIA,AV DR JOSE RUFINO,13,,PRÓXIMO AO COLÉGIO VISÃO.,ESTÂNCIA,,SUBURBIO,ACID. DE PERCURSO,MOTOCICLISTA DERRAPOU- DEVIDO GRANDE QUANTIDADE DE ÓLEO NA VIA.,,1.0,,,,,,,,1.0,,Longo da via,Bom,Não existe,Incompleta,Oleosa,Mal conservada,Não existe,Não há placas,,Dupla,Faixa contínua,,
2020-06-22,17:14:00,SEM VÍTIMA,FINALIZADA,IBURA,AV DOIS RIOS,,,E/F A IGREJA EL SHADDAI,IBURA,,,COLISÃO,COLISAO ENTRE DUAS S/V BATEDOR MARCELO E LUCAS DA MOTO 09 E 36 NO LOCAL,,2.0,,,,,,,,0.0,,Longo da via,Bom,Não existe,Perfeito estado,Seca,Perfeito estado,Não existe,Não há placas,N/I,Dupla,Faixa contínua,,
2020-06-22,18:16:00,SEM VÍTIMA,FINALIZADA,ROSARINHO,RUA DR JOSE MARIA,866,RUA REGUEIRA COSTA,PROX . AO EDF. ENRIQUE QUINTO E DROGASIL E GALERIA JOAO DE DEUS,ROSARINHO,,,COLISÃO,PALIO E SUZUKI    OBS: SUSPEITA DE EMBRIAGUEZ,2.0,2.0,,,,,,,,0.0,,Longo da via,Bom,Não existe,Perfeito estado,Seca,Perfeito estado,Não existe,Outras,N/I,Dupla,Faixa contínua,,
2020-06-22,19:54:00,COM VÍTIMA,FINALIZADA,MADALENA,AV VISCONDE DE ALBUQUERQUE,401,RUA LOPES DE CARVALHO,GALERIA MADALENA CENTER,MADALENA,,SUBURBIO,ABALROAMENTO TRANSVERSAL,COLISÃO COM DUAS VITIMAS,,2.0,,,,,,,,2.0,,Cruzamento,Bom,Não existe,Perfeito estado,Seca,Perfeito estado,,,40 km/h,Única,,,
2020-06-22,20:32:00,SEM VÍTIMA,FINALIZADA,ENCRUZILHADA,RUA CASTRO ALVES,,RUA JOSE DE SA CARNEIRO,*SEMÁFORO 666* /  E/F A QUALIMENTOS E CAIXA ECONÔMICA,ENCRUZILHADA,666.0,,ENGAVETAMENTO,ENTRE 3 AUTOS. O RESPONSÁVEL PELO ENGAVETAMENTO APRESENTA SINAIS FORTES DE EMBRIAGUEZ- INCLUSIVE- TENTOU AGREDIR TERCEIROS NO LOCAL- MAS PERMANECE NA VIA PARA O PROCEDIMENTO DE OCORRÊNCIA DA CTTU. S/V,3.0,,,,,,,,,0.0,,,,,,,,,,,,,,
2020-06-22,21:48:00,COM VÍTIMA,FINALIZADA,VÁRZEA,RUA DONA MARIA LACERDA,18,,NA RUA DA DELEGACIA DA VÁRZEA E 12º BATALHÃO,VÁRZEA,,SUBURBIO,CHOQUE OBJETO FIXO,VT DA PM ACABOU SE CHOCANDO CONTRA O FITEIRO NA LOCALIDADE. SOLICITAM O APOIO DA CTTU NO LOCAL. S/V,,,,,,,,1.0,1.0,2.0,,Longo da via,Bom,Não existe,Perfeito estado,Seca,Perfeito estado,Não existe,Não há placas,,Dupla,Faixa seccionada,,
2020-06-23,02:03:00,SEM VÍTIMA,FINALIZADA,MACAXEIRA,AV NORTE,,,PROXIMO DO TERMINLA DA MACAXEIRA,MACAXEIRA,,SUBURBIO,CHOQUE OBJETO FIXO,CONDUTOR PERDEU O CONTROLE DO VEICULO- SUBIU A CALÇADA- BATEU NUMA MURETA DE PROTEÇÃO E CAIU SOBRE UMA FÁBRICA DE BOLOS DE ROLO.,1.0,,,,,,,,,0.0,,Outros,Bom,Não existe,Perfeito estado,Seca,Perfeito estado,Não existe,Não há placas,N/I,Única,Canteiro central,,
2020-06-23,08:10:00,COM VÍTIMA,FINALIZADA,BOA VIAGEM,AVENIDA CELSO FURTADO (VIA MANGUE),,,SUBIDA DO VIADUTO DOM JOÃO VI,BOA VIAGEM,,SUBURBIO,TOMBAMENTO,ACIDENTE DE PERCURSO/ CICLISTA CAIU NA VIA,,,,1.0,,,,,,1.0,,Longo da via,Bom,Não existe,Perfeito estado,Seca,Perfeito estado,Não existe,R-19,60 km/h,Dupla,Canteiro central,,
2020-06-23,10:47:00,SEM VÍTIMA,FINALIZADA,ÁGUA FRIA,RUA SAO BENEDITO,,AV BEBERIBE,EM FRENTE AO LAVA JATO,ÁGUA FRIA,,,COLISÃO,VT 11 NO QTH  CAMINHAO E AUTO,1.0,,,,,,1.0,,,0.0,,Cruzamento,Bom,Sem defeito,Perfeito estado,Seca,Perfeito estado,Faixa de pedestre,Não há placas,N/I,Única,Não existe,,
2020-06-23,11:29:00,COM VÍTIMA,FINALIZADA,SANTO AMARO,AV JOAO DE BARROS,,RUA DOM VITAL,,SANTO AMARO,412.0,CIDADE,ATROPELAMENTO,O VEÍCULO EVADIU-SE DO LOCAL,1.0,,,,1.0,,,,,1.0,,Longo da via,Bom,Sem defeito,Perfeito estado,Seca,Perfeito estado,,,,Dupla,Faixa contínua,Faixa seccionada,Canteiro central
2020-06-23,12:57:00,SEM VÍTIMA,FINALIZADA,AFOGADOS,AV MARECHAL MASCARENHAS DE MORAES,40,,EM FRENTE A IGREJA BATISTA DO LARGO DA PAZ (SENT. CIDADE) / PONTE MOTOCOLOMBO,AFOGADOS,,CIDADE,COLISÃO,COLISÃO S/VITIMAS ENTRE DOIS AUTOS,2.0,,,,,,,,,0.0,,Longo da via,Bom,Não existe,Perfeito estado,Seca,Perfeito estado,Outros,R-6a,60KM,Dupla,Canteiro central,,
2020-06-23,14:37:00,SEM VÍTIMA,FINALIZADA,BOA VIAGEM,AV BOA VIAGEM,30,,E/F AO EDF. ENSEADA DA BARRA,BOA VIAGEM,,,COLISÃO,COLISÃO S/VITIMAS ENTRE DOIS AUTOS,2.0,,,,,,,,,0.0,,Longo da via,Bom,Sem defeito,Perfeito estado,Seca,Perfeito estado,Faixa de retenção,Outras,N/I,Única,Faixa seccionada,,
2020-06-23,17:49:00,SEM VÍTIMA,FINALIZADA,SAN MARTIN,AV ENGENHEIRO ABDIAS DE CARVALHO,,,EM FRENTE A CHESF,SAN MARTIN,,CIDADE,COLISÃO,COLISÃO ENTRE AUTO E MOTO S/V,1.0,1.0,,,,,,,,0.0,,Longo da via,Bom,Não existe,Perfeito estado,Seca,Perfeito estado,Não existe,Outras,N/I,Dupla,Canteiro central,,
2020-06-23,22:10:00,COM VÍTIMA,FINALIZADA,ARRUDA,RUA DO MACHADO,946,,E/F A PRACINHA (MARIA JOSE DOS SANTOS),ARRUDA,,,COLISÃO COM CICLISTA,COLISAO COM VITIMAS,,,,1.0,,1.0,,,,1.0,,Longo da via,Bom,Não existe,Perfeito estado,Seca,Perfeito estado,Não existe,R-6a,,Dupla,Faixa seccionada,,
2020-06-24,11:51:00,SEM VÍTIMA,FINALIZADA,TORRE,RUA JOAO TUDE DE MELO,,,SENT. CARREFOUR- EM FRENTE AO POSTO DE GASOLINA PETROMEGA,TORRE,,,COLISÃO,AMBULANCIA E AUTO,2.0,,,,,,,,,0.0,,Longo da via,Bom,Sem defeito,Perfeito estado,Seca,Perfeito estado,Faixa de pedestre,Outras,N/I,Única,Faixa seccionada,,
2020-06-24,14:16:00,COM VÍTIMA,CANCELADA,ESTÂNCIA,AV RECIFE,,,EM FRENTE AO MAKRO/ SENTIDO CAXANGA,ESTÂNCIA,,,COLISÃO,COLISÃO COM VÍTIMA,1.0,1.0,,,,,,,,1.0,,,,,,,,,,,,,,
2020-06-24,20:53:00,COM VÍTIMA,FINALIZADA,TEJIPIÓ,AV DR JOSE RUFINO,46,RUA MAJOR CHAGAS DE OLIVEIRA,POR CIMA DO VIADUTO DA BR NA CURVA SENTIDO AFOGADOS. SERRALHARIA GUEDES.,TEJIPIÓ,,SUBURBIO,ABALROAMENTO LONGITUDINAL,FIAT PALIO X MOTO,1.0,1.0,,,,,,,,1.0,,Longo da via,Bom,Não existe,Incompleta,Seca,Mal iluminada,Não existe,Não há placas,,Dupla,Faixa contínua,,
2020-06-24,21:25:00,COM VÍTIMA,FINALIZADA,NOVA DESCOBERTA,RUA NOVA DESCOBERTA,1921,,E/F AO MADRUGADA BURGUER / PRÓX AO BAR DA RABADA,NOVA DESCOBERTA,,,COLISÃO FRONTAL,ENTRE AUTO E MOTO. C/V,1.0,1.0,,,,,,,,1.0,,Longo da via,Bom,Não existe,Não existente,Seca,Perfeito estado,Não existe,Não há placas,,Dupla,Não existe,,
2020-06-25,10:41:00,COM VÍTIMA,FINALIZADA,ILHA DO RETIRO,RUA SPORT CLUBE DO RECIFE,,RUA PROFESSOR BENEDITO MONTEIRO,LADO OPOSTO AO ESTÁDIO ADELMAR DA COSTA CARVALHO.,ILHA DO RETIRO,481.0,SUBURBIO,ABALROAMENTO LONGITUDINAL,GM MATOS NO QTH - AUTO E MOTO COM VITIMA,1.0,1.0,,,,,,,,1.0,,Longo da via,Bom,Sem defeito,Perfeito estado,Seca,Perfeito estado,Outros,R-6a,60 km/h,Dupla,Canteiro central,,
2020-06-25,14:02:00,SEM VÍTIMA,FINALIZADA,BOA VIAGEM,RUA CAPITAO ZUZINHA,22,RUA VISCONDE DE JEQUITINHONHA,PROXIMO DA LOCALIZA,BOA VIAGEM,433.0,,COLISÃO,COLISÃO ENTRE DOIS AUTOS S/V,2.0,,,,,,,,,0.0,,Longo da via,Bom,Sem defeito,Perfeito estado,Seca,Perfeito estado,Agente,R-6a,,Única,Faixa contínua,,
2020-06-25,14:59:00,SEM VÍTIMA,FINALIZADA,BOA VIAGEM,RUA PADRE CARAPUCEIRO,3572,AV CONSELHEIRO AGUIAR,SOB SEMAF 115,BOA VIAGEM,115.0,CIDADE,COLISÃO,COLISÃO ENTRE DUAS MOTOS S/V,,2.0,,,,,,,,0.0,,Cruzamento,Bom,Sem defeito,Perfeito estado,Seca,Perfeito estado,Faixa de pedestre,Outras,60 km/h,Única,Faixa contínua,Faixa seccionada,
2020-06-25,17:46:00,SEM VÍTIMA,FINALIZADA,IMBIRIBEIRA,AV GENERAL MAC ARTHUR,100,AV MARECHAL MASCARENHAS DE MORAES,EM FRENTE AO Nº 100,IMBIRIBEIRA,,CIDADE,COLISÃO,,1.0,1.0,,,,,,1.0,,0.0,,Longo da via,Bom,Não existe,Perfeito estado,Seca,Perfeito estado,Não existe,R-4a,,Única,Faixa seccionada,,
2020-06-25,22:29:00,COM VÍTIMA,FINALIZADA,TORRE,PRC PROFESSOR BARRETO CAMPELLO,1199,,E/F A PRAÇA,TORRE,,SUBURBIO,COLISÃO COM CICLISTA,COLISAO COM VITIMAS,1.0,,,1.0,,,,,,1.0,,Longo da via,Bom,Não existe,Perfeito estado,Seca,Perfeito estado,Não existe,R-6a,,Única,Faixa seccionada,,
2020-06-26,07:10:00,COM VÍTIMA,FINALIZADA,BOA VIAGEM,RUA ERNESTO DE PAULA SANTOS,,RUA AMALIA BERNARDINO DE SOUZA,POR TRAS DA FACULDADE UNINASSAU EM FRENTE AO POSTO DE GASOLINA PETROCAL NA DESCIDA DO VIADUTO TANCREDO NEVES,BOA VIAGEM,,SUBURBIO,ABALROAMENTO TRANSVERSAL,AUTO E MOTO,1.0,1.0,,,,,,,,1.0,,Cruzamento,Bom,Não existe,Incompleta,Seca,Perfeito estado,Não existe,Não há placas,,Única,Faixa contínua,,
2020-06-26,08:45:00,COM VÍTIMA,FINALIZADA,TORREÃO,AV NORTE,,,EM FRENTE AKI BORRACHARIA / INÍCIO DO VIADUTO.,TORREÃO,,CIDADE,ATROPELAMENTO ANIMAL,GM GILSON ALVES E THIEGO PONTO FIXO MOTO AO DESVIAR CHOCOU-SE NO ACOSTAMENTO DO VIADUTO,,1.0,,,,,,,,1.0,,Longo da via,Bom,Não existe,Perfeito estado,Seca,Perfeito estado,Não existe,Não há placas,60 km/h,,Canteiro central,,
2020-06-26,12:13:00,COM VÍTIMA,CANCELADA,ARRUDA,RUA ZEFERINO AGRA,,RUA DO MACHADO,EM FRENTE A IGREJA SANTO ANTONIO,ARRUDA,,,COLISÃO,COLISÃO COM VÍTIMA,1.0,1.0,,,,,,,,1.0,,,,,,,,,,,,,,
2020-06-26,12:56:00,COM VÍTIMA,FINALIZADA,IMBIRIBEIRA,AV MARECHAL MASCARENHAS DE MORAES,,RUA ITACARE,NO SEMÁFORO 386/ SENTIDO AEROPORTO. LADO OPOSTO A FERREIRA COSTA.,IMBIRIBEIRA,386.0,SUBURBIO,ABALROAMENTO LONGITUDINAL,COLISÃO COM VÍTIMA,1.0,1.0,,,,,,,,1.0,,Cruzamento,Bom,Sem defeito,Perfeito estado,Seca,Perfeito estado,Faixa de pedestre,R-6a,,Dupla,Canteiro central,,
2020-06-26,13:16:00,SEM VÍTIMA,FINALIZADA,PINA,AV BOA VIAGEM,110,,E/F AO POSTO BR,PINA,,CIDADE,COLISÃO,COLISAO ENTRE TRES AUTOS S/V,2.0,,,,,,,,,0.0,,Longo da via,Bom,Sem defeito,Perfeito estado,Seca,Perfeito estado,Faixa de pedestre,Não há placas,60 km/h,Única,Faixa seccionada,,
2020-06-26,14:43:00,SEM VÍTIMA,FINALIZADA,IPSEP,AV RECIFE,,AV TAPAJOS,LADO OPOSTO DO POSTO BR VT 21 NO LOCAL,IPSEP,620.0,,COLISÃO,COLISAO ENTRE AUTO E UM CAMINHAO,1.0,,,,,,1.0,,,0.0,,Cruzamento,Chuvoso,Sem defeito,Perfeito estado,Outros,Perfeito estado,Faixa de pedestre,,,Dupla,Faixa seccionada,Canteiro central,
2020-06-26,15:52:00,SEM VÍTIMA,FINALIZADA,SANTO AMARO,AV GOVERNADOR AGAMENON MAGALHAES,,VDO INDEPENDENCIA,SOBRE O VIADUTO INDEPENDENCIA,SANTO AMARO,,OLINDA,COLISÃO,,3.0,1.0,,,,,,,,0.0,,Viaduto,Bom,Não existe,Não existente,Seca,Perfeito estado,Não existe,Não há placas,60 km/h,Dupla,Faixa contínua,,
2020-06-26,17:44:00,COM VÍTIMA,FINALIZADA,ILHA DO RETIRO,AV ENGENHEIRO ABDIAS DE CARVALHO,,EST DOS REMEDIOS,DROGASIL,ILHA DO RETIRO,52.0,SUBURBIO,ABALROAMENTO TRANSVERSAL,COLISÃO COM VITIMA,1.0,1.0,,,,,,,,1.0,,Cruzamento,Bom,Sem defeito,Perfeito estado,Seca,Perfeito estado,Agente,R-6a,,Dupla,Canteiro central,,