data,hora,natureza_acidente,situacao,bairro,endereco,numero,detalhe_endereco_acidente,complemento,bairro_cruzamento,num_semaforo,sentido_via,tipo,descricao,auto,moto,ciclom,ciclista,pedestre,onibus,caminhao,viatura,outros,vitimas,vitimasfatais,acidente_verificado,tempo_clima,situacao_semaforo,sinalizacao,condicao_via,conservacao_via,ponto_controle,situacao_placa,velocidade_max_via,mao_direcao,divisao_via1,divisao_via2,divisao_via3
2020-08-08,06:21:00,SEM VÍTIMA,FINALIZADA,ARRUDA,AV BEBERIBE,1253,RUA DAS MOCAS,ESTÁDIO AO SANTA CRUZ,ARRUDA,,CIDADE,CHOQUE OBJETO FIXO,AUTOMOVEL COLIDIU COM POSTE E ESTA ABANDONADO NO LOCAL,1.0,,,,,,,,,0.0,,Cruzamento,Chuvoso,Sem defeito,Perfeito estado,Molhada,Perfeito estado,Não existe,,60 km/h,Dupla,Faixa contínua,Faixa seccionada,
2020-08-08,07:35:00,SEM VÍTIMA,FINALIZADA,CAMPO GRANDE,EST DE BELEM,316,RUA ANTONIO RANGEL,AO LADO DA PADARIA EXPRESS MAMAE ONE,CAMPO GRANDE,201.0,,ABALROAMENTO LONGITUDINAL,,1.0,,,,,,1.0,,,0.0,,,Bom,Sem defeito,Perfeito estado,Seca,Perfeito estado,Faixa de pedestre,R-6a,,Dupla,Faixa contínua,Faixa seccionada,
2020-08-08,13:25:00,COM VÍTIMA,FINALIZADA,MADALENA,AV CAXANGA,612,,ALEMAO AUTOMOVEIS,MADALENA,,SUBURBIO,ABALROAMENTO LONGITUDINAL,AUTO E MOTO C VITIMAS,1.0,1.0,,,,,,,,2.0,,Longo da via,Bom,Não existe,Perfeito estado,Seca,Perfeito estado,Não existe,R-6a,,Dupla,Canteiro central,,
2020-08-08,16:38:00,SEM VÍTIMA,FINALIZADA,BOA VIAGEM,RUA BALTAZAR PASSOS,,RUA PROFESSOR AUGUSTO LINS E SILVA,PAN JOVEM DELICATESSEN,BOA VIAGEM,,,ABALROAMENTO TRANSVERSAL,COLISAO ENTRE DOIS AUTO SEGUIDA DE CAPOTAMENTO/ SEM VITIMAS,2.0,,,,,,,,,0.0,,Cruzamento,Bom,Não existe,Incompleta,Seca,Perfeito estado,Faixa de retenção,R-6a,30 km/h,Única,Não existe,,
2020-08-08,19:33:00,COM VÍTIMA,FINALIZADA,ÁGUA FRIA,RUA DO MACHADO,790,,PROXIMO DOS IRREPONSAVEIS- PROXIMO DO CALDINHO DO PORTUGA,ÁGUA FRIA,,SUBURBIO,COLISÃO COM CICLISTA,COLISÃO ENTRE MOTO E BICICLETA C/V,,1.0,,1.0,,,,,,2.0,,Longo da via,Bom,Não existe,Perfeito estado,Seca,Perfeito estado,Não existe,Não há placas,,Dupla,Faixa seccionada,,
2020-08-08,19:52:00,COM VÍTIMA,FINALIZADA,BOA VIAGEM,RUA ANTONIO FALCAO,,RUA FRANCISCO DA CUNHA,EM FRENTE A ZE DO CALDO DE CANA- EM FRENTE AO FALCÃO COMERCIAL CONSTRUÇÃO,BOA VIAGEM,227.0,CIDADE,ABALROAMENTO TRANSVERSAL,COLISÃO ENTRE AUTO E MOTO C/V,1.0,1.0,,,,,,,,1.0,,Cruzamento,Bom,Sem defeito,Perfeito estado,Seca,Perfeito estado,Faixa de pedestre,Não há placas,,Única,Não existe,,
2020-08-08,21:59:00,COM VÍTIMA,FINALIZADA,BOA VIAGEM,AV ENGENHEIRO DOMINGOS FERREIRA,,RUA BRUNO VELOSO,AO LADO DA FARMÁCIA DROGASIL // FAIXA ESQUERDA,BOA VIAGEM,338.0,,ABALROAMENTO TRANSVERSAL,COLISÃO ENTRE AUTO E MOTO C/V,1.0,1.0,,,,,,,,1.0,,Cruzamento,Chuvoso,Sem defeito,Perfeito estado,Molhada,Perfeito estado,Faixa de pedestre,R-6a,,Única,Canteiro central,,
2020-08-08,22:41:00,COM VÍTIMA,FINALIZADA,BARRO,AV DR JOSE RUFINO,,RUA JOSE NATARIO,PRÓX AO SENAI,BARRO,44.0,CIDADE,ABALROAMENTO TRANSVERSAL,COLISÃO ENTRE AUTO E MOTO C/V,1.0,1.0,,,,,,,,2.0,,Cruzamento,Chuvoso,Sem defeito,Incompleta,Seca,Mal conservada,Faixa de pedestre,,,Dupla,,,
2020-08-09,11:16:00,SEM VÍTIMA,CANCELADA,ÁGUA FRIA,EST VELHA DE AGUA FRIA,,,AO LADO DO CANAL  NO SENTIDO SESC DE CASA AMARELA PROX AO DNOCS,ÁGUA FRIA,,,COLISÃO,COLISÃO SEM VITIMAS UM DOS CONDUTORES ENCONTRA SE COM SINTOMAS DE EMBRIAGUEZ,,,,,,,,,,0.0,,,,,,,,,,,,,,
2020-08-09,15:29:00,COM VÍTIMA,FINALIZADA,IBURA,AV DOIS RIOS,,,AO LADO DA POLICLINICA DO IBURA. POSTE B041617.,IBURA,,CIDADE,ABALROAMENTO LONGITUDINAL,COLISÃO COM VÍTIMA,1.0,1.0,,,,,,,,1.0,,Longo da via,Bom,Não existe,Incompleta,Seca,Perfeito estado,Não existe,Placas Pare,,Dupla,Faixa contínua,,
2020-08-09,18:46:00,COM VÍTIMA,FINALIZADA,SANTO AMARO,AV MARIO MELO,,RUA DA AURORA,PROX A ESCOLA DE CONTA PUBLICA PROF. BARRETO GUIMARAES,SANTO AMARO,90.0,SUBURBIO,CHOQUE OBJETO FIXO,MOTO X ILHA (DIVISOR DE PISTA ),,1.0,,,,,,,,1.0,,Longo da via,Bom,Sem defeito,Perfeito estado,Seca,Perfeito estado,Faixa de retenção,,,Única,Faixa contínua,,
2020-08-09,21:26:00,SEM VÍTIMA,FINALIZADA,IMBIRIBEIRA,AV MARECHAL MASCARENHAS DE MORAES,2666,RUA JATICY,PROX AO POSTO DE GASOLINA BR E GERALDAO,IMBIRIBEIRA,289.0,CIDADE,COLISÃO,S 10 X UPE  OBS: SUSPEITA DE EMBRIAGUEZ,2.0,,,,,,,,,0.0,,Longo da via,Chuvoso,Sem defeito,Perfeito estado,Molhada,Perfeito estado,Faixa de pedestre,Outras,,Dupla,Faixa contínua,Faixa seccionada,Canteiro central
2020-08-10,15:51:00,SEM VÍTIMA,FINALIZADA,IPSEP,RUA MACHADO DE ASSIS,187B,RUA JEAN EMILE FAVRE,NA TRANSVERSAL DA RUA JEAN EMILE FAVRE CONCECIONARIA VITORIANO VEICULOS,IPSEP,,CIDADE,COLISÃO,VEICULO ESTAVA DANDO RÉ E BATEU NA VIATURA DA PM,1.0,,,,,,,1.0,,0.0,,Longo da via,Bom,Não existe,Ilegível,Seca,Mal conservada,Não existe,Não há placas,,Dupla,Não existe,,
2020-08-11,08:58:00,COM VÍTIMA,FINALIZADA,SÃO JOSÉ,AV SUL,1022,,PROX. AO POSTO DE GASOLINA BR DESATIVADO. EM FRENTE A OFICINA CABILEIRA,SÃO JOSÉ,205.0,CIDADE,COLISÃO TRASEIRA,DOIS AUTOS E MOTO,2.0,1.0,,,,,,,,2.0,,Longo da via,Bom,Sem defeito,Perfeito estado,Seca,Perfeito estado,Faixa de pedestre,Não há placas,,Dupla,Canteiro central,,
2020-08-11,15:58:00,COM VÍTIMA,FINALIZADA,AFOGADOS,RUA JOAO IVO DA SILVA,220,,EM FRENTE A BREMEN/ SENTIDO AFOGADOS,AFOGADOS,,SUBURBIO,COLISÃO TRASEIRA,COLISÃO COM VÍTIMA,1.0,1.0,,,,,,,,1.0,,Longo da via,Bom,Não existe,Perfeito estado,Seca,Perfeito estado,Não existe,Não há placas,40 km/h,Única,Faixa contínua,Faixa seccionada,
2020-08-12,18:28:00,COM VÍTIMA,FINALIZADA,PARNAMIRIM,AV DEZESSETE DE AGOSTO,125,RUA JOAO DA SILVA TELES,EM FRENTE AO BANCO BRADESCO E DA FRUTARIA.,PARNAMIRIM,,SUBURBIO,ATROPELAMENTO,MOTO E PEDESTRE,,1.0,,,1.0,,,,,2.0,,Longo da via,Bom,Não existe,Perfeito estado,Seca,Perfeito estado,Não existe,Outras,,Dupla,Faixa contínua,,
2020-08-13,10:38:00,COM VÍTIMA,FINALIZADA,TORREÃO,AV NORTE,1702,,APÓS A PRAÇA DA PICANHA,TORREÃO,,CIDADE,TOMBAMENTO,,,1.0,,,,,,,,1.0,,Longo da via,Bom,Não existe,Perfeito estado,,Perfeito estado,Não existe,Outras,,Dupla,Canteiro central,,
2020-08-13,11:09:00,SEM VÍTIMA,FINALIZADA,CORDEIRO,AV ENGENHEIRO ABDIAS DE CARVALHO,,,,CORDEIRO,375.0,,COLISÃO,COLISÃO ENVOLVENDO DOIS AUTOS SEM VÍTIMA VT PM QYC5840 VW GOL.PER8753 VW POLO,,,,,,,,,,0.0,,Longo da via,Chuvoso,Sem defeito,Perfeito estado,Molhada,Perfeito estado,Faixa de pedestre,Não há placas,,Dupla,Canteiro central,,
2020-08-13,11:54:00,COM VÍTIMA,CANCELADA,AFOGADOS,RUA DA PAZ,125,,CAIXA ECONÔMICA FEDERAL,AFOGADOS,,,COLISÃO,COLIOSÃO ENTRE AUTO E MOTOCICLETA COM 1 VÍTIMA,1.0,1.0,,,,,,,,1.0,,,,,,,,,,,,,,
2020-08-13,11:59:00,COM VÍTIMA,FINALIZADA,MADALENA,AV CAXANGA,303,,PRÓXIMO AO SANTANDER,MADALENA,,CIDADE,COLISÃO TRASEIRA,COLISÃO COM VITIMA,,2.0,,,,,,,,1.0,,Longo da via,Chuvoso,Não existe,Perfeito estado,Molhada,Perfeito estado,Não existe,Outras,,Dupla,Faixa contínua,Faixa seccionada,Canteiro central
2020-08-13,12:42:00,COM VÍTIMA,FINALIZADA,IBURA,AV DOIS RIOS,443,,IGREJA DE JESUS CRISTO DOS SANTOS DOS ÚLTIMOS DIAS.,IBURA,,CIDADE,ABALROAMENTO LONGITUDINAL,AUTO X MOTO COM VÍTIMA,1.0,1.0,,,,,,,,1.0,,Longo da via,Bom,Não existe,Perfeito estado,Seca,Perfeito estado,Não existe,Não há placas,60 km/h,Dupla,Faixa contínua,,
2020-08-13,16:08:00,COM VÍTIMA,FINALIZADA,SANTO AMARO,AV GOVERNADOR AGAMENON MAGALHAES,,,DESCIDA DO VIADUTO DA JOÃO DE BARROS.,SANTO AMARO,,SUBURBIO,TOMBAMENTO,COM VÍTIMA,,1.0,,,,,,,,1.0,,Ponte,Bom,Não existe,Perfeito estado,Molhada,Perfeito estado,Não existe,Não há placas,60 km/h,Dupla,Canal,,
2020-08-13,22:58:00,SEM VÍTIMA,CANCELADA,TAMARINEIRA,RUA PADRE ROMA,489,,PROXIMO AO EDFº TAUROS,TAMARINEIRA,,,COLISÃO,COLISÃO SEM VITIMAS (CONDUTOR VEICULO CO SUSPEITA DE EMBRIAGUEZ),1.0,1.0,,,,,,,,0.0,,,,,,,,,,,,,,
2020-08-13,23:39:00,COM VÍTIMA,FINALIZADA,CASA FORTE,AV DEZESSETE DE AGOSTO,1950,RUA MARECHAL RONDON,PROXIMO A LABORATÓRIO ROBERTO MAGALHÃES,CASA FORTE,,,COLISÃO FRONTAL,COLISÃO COM VITMAS ENVOLVENDO DOIS AUTO (CONDUTOR COM SINTOMAS DE EMBRIAGUES),2.0,,,,,,,,,1.0,,Cruzamento,Bom,,Perfeito estado,Seca,Perfeito estado,Não existe,,,Dupla,Faixa contínua,,
2020-08-14,09:11:00,COM VÍTIMA,FINALIZADA,CAJUEIRO,AV CIDADE DE MONTEIRO,159,,PROX AO ARMAZEM CORAL,CAJUEIRO,,SUBURBIO,COLISÃO FRONTAL,MOTO E AUTO,1.0,1.0,,,,,,,,1.0,,Longo da via,Bom,Não existe,Perfeito estado,Seca,Perfeito estado,Não existe,R-6a,40 km/h,Única,Faixa contínua,,
2020-08-14,14:30:00,COM VÍTIMA,FINALIZADA,MADALENA,AV VISCONDE DE ALBUQUERQUE,401,RUA LOPES DE CARVALHO,LADO OPOSTO AO MADALENA CENTER,MADALENA,,SUBURBIO,COLISÃO TRASEIRA,COLISÃO MOTO E CARRO,1.0,1.0,,,,,,,,1.0,,Longo da via,Bom,Não existe,Perfeito estado,Seca,Perfeito estado,Não existe,Não há placas,,Única,Faixa,,
2020-08-14,17:58:00,COM VÍTIMA,FINALIZADA,MANGUEIRA,RUA SAO MIGUEL,1357,RUA MANOEL DE ALBUQUERQUE FERNANDES,E/F AO BODE DO NO,MANGUEIRA,392.0,CIDADE,ABALROAMENTO TRANSVERSAL,COLISAO COM VITIMAS,1.0,1.0,,,,,,,,1.0,,Longo da via,Bom,Sem defeito,Perfeito estado,Seca,Perfeito estado,Faixa de pedestre,Placas Dê a preferência,,Dupla,Faixa contínua,,
2020-08-14,18:12:00,COM VÍTIMA,FINALIZADA,IMBIRIBEIRA,AV PRESIDENTE DUTRA,451,,EM FRENTE AO SAL E BRASA- SENTIDO BOA VIAGEM.,IMBIRIBEIRA,,BOA VIAGEM,CHOQUE OBJETO FIXO,COM VÍTIMA,,1.0,,,,,,,,1.0,,Longo da via,Bom,Não existe,Perfeito estado,Seca,Perfeito estado,Não existe,Não há placas,,Única,Não existe,,
2020-08-14,22:51:00,SEM VÍTIMA,CANCELADA,NOVA DESCOBERTA,RUA ALTO DA TELHA,82,,NA SUBIDA DA LADEIRA // PRÓX AO TERMINAL DE NOVA DESCOBERTA,NOVA DESCOBERTA,,,COLISÃO,COLISÃO ENTRE AUTO E MOTO (CONDUTOR DA MOTO APRESENTA SINAIS CLAROS DE EMBRIAGUEZ),1.0,1.0,,,,,,,,0.0,,,,,,,,,,,,,,
2020-08-15,08:18:00,COM VÍTIMA,CANCELADA,CAÇOTE,RUA CAMBUCA,,,EM FRENTE A  LINHA DO TREM EM FRENTE AO RESTAURANTE BOI QUENTE,CAÇOTE,,,COLISÃO,COLISÃO COM VITIMA A ESPERA DO SAMU,1.0,1.0,,,,,,,,1.0,,,,,,,,,,,,,,
2020-08-15,11:34:00,COM VÍTIMA,CANCELADA,BAIRRO DO RECIFE,AV MARTINS DE BARROS,,RUA PRIMEIRO DE MARCO,PROX A PRAÇA DO DIARIO  EM FRENTE AO BANCO ITAU,BAIRRO DO RECIFE,,,COLISÃO,COLISÃO COM VITIMA A ESPERA DO SAMU,1.0,1.0,,,,,,,,1.0,,,,,,,,,,,,,,
2020-08-15,11:53:00,SEM VÍTIMA,CANCELADA,ARRUDA,RUA ZEFERINO AGRA,,RUA DAS MOCAS,,ARRUDA,,,COLISÃO,COLISÃO SEM VÍTIMA ENTRE VEÍCULO OFICIAL DA COMPESA E AUTO,,,,,,,,,,0.0,,,,,,,,,,,,,,
2020-08-15,15:37:00,COM VÍTIMA,FINALIZADA,BOA VIAGEM,AV ENGENHEIRO DOMINGOS FERREIRA,4367,RUA CORONEL BENEDITO CHAVES,EM FRENTE AO MUNDO DO CABELEIREIRO,BOA VIAGEM,128.0,SUBURBIO,TOMBAMENTO,COM VÍTIMA,,1.0,,,,,,,,1.0,,Cruzamento,Bom,Sem defeito,Perfeito estado,Seca,Perfeito estado,Faixa de retenção,R-6a,,Única,Não existe,,
2020-08-15,21:07:00,COM VÍTIMA,FINALIZADA,CAMPO GRANDE,AV GOVERNADOR AGAMENON MAGALHAES,,RUA ODORICO MENDES,ENF. AO IC INSTITUTO CRIMINALISTICA,CAMPO GRANDE,49.0,SUBURBIO,ABALROAMENTO TRANSVERSAL,ENTRE AUTO E MOTO. C/V,1.0,1.0,,,,,,,,1.0,,Cruzamento,Bom,Sem defeito,Perfeito estado,Seca,Perfeito estado,Faixa de pedestre,,60 km/h,Única,Faixa contínua,Faixa seccionada,
2020-08-15,23:00:00,SEM VÍTIMA,CANCELADA,TEJIPIÓ,AV DR JOSE RUFINO,,,ENF. AO QUARTO BATALHAO DE COMUNICAÇOES,TEJIPIÓ,,,COLISÃO,VOYAGE X FIESTA OBS: SUSPEITA DE EMBRIAGUES,2.0,,,,,,,,,0.0,,,,,,,,,,,,,,
2020-08-16,01:30:00,SEM VÍTIMA,CANCELADA,BOA VIAGEM,AV BOA VIAGEM,1628,,E/F AO EDF PORTO FINO E 2º JARDIM,BOA VIAGEM,,,CHOQUE OBJETO FIXO,VEICULO FOI ABANDONADO NA VIA APÓS SE CHOCAR CONTRA UM PAPA-METRALHA.,1.0,,,,,,,,,0.0,,,,,,,,,,,,,,
2020-08-16,10:47:00,SEM VÍTIMA,FINALIZADA,BOA VIAGEM,RUA CORONEL ANIZIO RODRIGUES COELHO,618,,EM FRENTE AO Nº 618,BOA VIAGEM,,SUBURBIO,CHOQUE VEÍCULO PARADO,DOIS AUTOS / CONDUTOR COM SINTOMAS DE EMBRIAGUEZ,4.0,,,,,,,,,0.0,,Longo da via,Bom,Não existe,Perfeito estado,Seca,Perfeito estado,Não existe,Placas Pare,,Única,Não existe,,
2020-08-16,11:36:00,COM VÍTIMA,FINALIZADA,CASA FORTE,AV DEZESSETE DE AGOSTO,312,,E/F A BURGUER KING E PET SHOP PETLAND,CASA FORTE,,,ABALROAMENTO TRANSVERSAL,COLISÃO C/VITIMA ENTRE UMA MOTO E UM AUTO,1.0,1.0,,,,,,,,1.0,,Longo da via,Bom,Não existe,Perfeito estado,Seca,Perfeito estado,Outros,R-6a,,Dupla,Faixa contínua,,
2020-08-16,14:56:00,COM VÍTIMA,FINALIZADA,MACAXEIRA,AV JOSE AMERICO DE ALMEIDA,1202,,PROXIMO DA ESCOLA PERNAMBUCANA DE CIRCO- PROXIMO DO RESTAURANTE BOI NO PRATO. AO LADO DA FENIX BARBEARIA.,MACAXEIRA,,SUBURBIO,CHOQUE VEÍCULO PARADO,MOTO CHOCOU-SE COM AUTO QUE ESTAVA ESTACIONADO C/V,1.0,1.0,,,,,,,,1.0,,Longo da via,Bom,Não existe,Perfeito estado,Seca,Perfeito estado,Não existe,R-19,30 km/h,Única,Não existe,,
2020-08-16,16:09:00,COM VÍTIMA,FINALIZADA,VÁRZEA,AV AFONSO OLINDENSE,1090,,AO LADO DO BAR PARAIBANO- PROX A LOMBADA ELETRONICA DA VARZEA. EM FRENTE A ACADEMIA ACTO.,VÁRZEA,,,ABALROAMENTO TRANSVERSAL,COLISÃO MOTO E CARRO,1.0,1.0,,,,,,,,1.0,,Longo da via,Bom,Não existe,Perfeito estado,Seca,Perfeito estado,Não existe,Outras,30 km/h,Dupla,Faixa contínua,,
2020-08-16,22:07:00,SEM VÍTIMA,FINALIZADA,TEJIPIÓ,AV DR JOSE RUFINO,,RUA MAJOR CHAGAS DE OLIVEIRA,LADO OPOSTO A SERRALHARIA GUEDES,TEJIPIÓ,,CIDADE,ABALROAMENTO TRANSVERSAL,COLISÃO ENTRE VIATURA DA GMR E MOTO- S/V,1.0,1.0,,,,,,,,0.0,,,Bom,Não existe,Ilegível,Seca,Mal iluminada,Não existe,Não há placas,,Dupla,Não existe,,
2020-08-17,08:20:00,SEM VÍTIMA,CANCELADA,AFOGADOS,AV SUL,,,NO COMEÇO DO VIADUTO DA AV SUL  NO SENTIDO CIDADE,AFOGADOS,,,COLISÃO,COLISÃO SEM VITIMAS GM PETERSON E R. AGUIAR QTH,2.0,,,,,,,,,0.0,,,,,,,,,,,,,,
2020-08-17,12:27:00,COM VÍTIMA,FINALIZADA,MADALENA,RUA BENFICA,,,NO SEMÁFORO 590,MADALENA,590.0,,COLISÃO,COLISÃO COM VÍTIMA,1.0,1.0,,,,,,,,2.0,,Cruzamento,Bom,Sem defeito,Perfeito estado,Seca,Perfeito estado,Faixa de pedestre,,60 km/h,,,,
2020-08-17,15:36:00,COM VÍTIMA,FINALIZADA,ÁGUA FRIA,AV BEBERIBE,1769,,EM FRENTE A JORGE SUPLEMENTOS / SENTIDO CENTRO,ÁGUA FRIA,,SUBURBIO,ABALROAMENTO TRANSVERSAL,COLISÃO COM VÍTIMA,1.0,1.0,,,,,,,,1.0,,Longo da via,Bom,Não existe,Perfeito estado,Seca,Perfeito estado,Faixa de pedestre,Não há placas,40 km/h,Dupla,Faixa contínua,,
2020-08-17,21:20:00,COM VÍTIMA,FINALIZADA,SANTO AMARO,AV CRUZ CABUGA,,AV NORTE,AO LADA DA CASA DA INDUSTRIA,SANTO AMARO,,SUBURBIO,ABALROAMENTO TRANSVERSAL,ONIBUS DA GLOBO X PEUGEOT,1.0,,,,,1.0,,,,1.0,,Cruzamento,Bom,Sem defeito,Perfeito estado,Seca,Perfeito estado,Faixa de pedestre,,,Dupla,Canteiro central,,
2020-08-17,21:26:00,COM VÍTIMA,FINALIZADA,BOA VIAGEM,AV CONSELHEIRO AGUIAR,4200,RUA RIBEIRO DE BRITO,SEMÁFORO 147 / E/F AO EDF HOLIDAY,BOA VIAGEM,147.0,CIDADE,ABALROAMENTO TRANSVERSAL,ENTRE AUTO E MOTO. C/V,1.0,1.0,,,,,,,,1.0,,Cruzamento,Chuvoso,Sem defeito,Perfeito estado,Molhada,Perfeito estado,Faixa de pedestre,R-6a,,Única,Faixa contínua,,
2020-08-18,10:19:00,COM VÍTIMA,FINALIZADA,SANTO ANTÔNIO,RUA FLORIANO PEIXOTO,,RUA TOBIAS BARRETO,EM FRENTE A CASA DA CULTIURA,SANTO ANTÔNIO,,SUBURBIO,ABALROAMENTO LONGITUDINAL,MOTO E ONIBUS,,1.0,,,,1.0,,,,1.0,,Cruzamento,Bom,Não existe,Perfeito estado,Seca,Perfeito estado,Não existe,Outras,,Única,Faixa seccionada,,
2020-08-18,11:36:00,SEM VÍTIMA,FINALIZADA,BOA VIAGEM,AV ENGENHEIRO DOMINGOS FERREIRA,,RUA FELIX DE BRITO E MELO,SOB O SEMÁFORO Nº 545,BOA VIAGEM,545.0,SUBURBIO,ABALROAMENTO TRANSVERSAL,SEM VITIMAS-AMBULANCIA DO SAMU E AUTO PASSEIO VT29 DA CTTU NO LOCAL /GM PAULO RICARDO E LEONARDO,1.0,,,,,,1.0,,,0.0,,Cruzamento,Bom,Sem defeito,Perfeito estado,Seca,Perfeito estado,Faixa de pedestre,R-6a,,Única,Faixa seccionada,Canteiro central,
2020-08-18,14:52:00,COM VÍTIMA,FINALIZADA,BOA VISTA,RUA JOAO FERNANDES VIEIRA,,RUA DR BANDEIRA FILHO,E/F A PRAÇA,BOA VISTA,,SUBURBIO,ABALROAMENTO LONGITUDINAL,COLISAO ENTRE DOIS AUTO E MOTO COM VITIMA,2.0,1.0,,,,,,,,1.0,,Longo da via,Bom,Não existe,Ilegível,Seca,Perfeito estado,Não existe,Não há placas,60 km/h,Única,Não existe,,
2020-08-18,17:45:00,COM VÍTIMA,FINALIZADA,MADALENA,AV BEIRA RIO,591,,E/F AO EDF RIO CAPIBARIBE,MADALENA,,CIDADE,ABALROAMENTO LONGITUDINAL,COLISAO ENTRE AUTO E MOTO,1.0,1.0,,,,,,,,2.0,,Longo da via,Bom,Não existe,Perfeito estado,Seca,Perfeito estado,Não existe,Não há placas,40 km/h,,Faixa seccionada,,
2020-08-18,21:57:00,COM VÍTIMA,FINALIZADA,BOA VIAGEM,RUA ANTONIO LUMACK DO MONTE,203,,EM FRENTE AO HOTEL IMPERIAL SUITE- PROXIMO AO SHOPPING RECIFE,BOA VIAGEM,,SENT. RUA PADRE CARAPUCEIRO,CHOQUE VEÍCULO PARADO,AUTO E MOTO.,1.0,1.0,,,,,,,,1.0,,Longo da via,Bom,Não existe,Perfeito estado,Seca,Perfeito estado,Não existe,Outras,,Única,Não existe,,
2020-08-19,07:23:00,COM VÍTIMA,FINALIZADA,IPUTINGA,AV CAXANGA,,,EM FRENTE À CAXANGÁ VEÍCULOS,IPUTINGA,270.0,SUBURBIO,ATROPELAMENTO,APOIO NO MONITORAMENTO. SITUAÇÃO DE ATROPELAMENTO.,,,,,1.0,,,,,1.0,,Longo da via,Bom,Sem defeito,Perfeito estado,Seca,Perfeito estado,Faixa de pedestre,Não há placas,60 km/h,Dupla,Canteiro central,,
2020-08-19,10:39:00,SEM VÍTIMA,FINALIZADA,MANGUEIRA,RUA MANDARI,,,PROX. À ESTAÇÃO MANGUEIRA,MANGUEIRA,,,COLISÃO,VT PM / DOIS AUTOS,2.0,,,,,,,1.0,,0.0,,,,,,,,,,,,,,
2020-08-19,13:23:00,SEM VÍTIMA,FINALIZADA,IPUTINGA,AV CAXANGA,,EST DO BARBALHO,NO SEMÁFORO 533,IPUTINGA,533.0,CIDADE,COLISÃO,COLISÃO SEM VÍTIMA / VEÍCULO OFICIAL,1.0,1.0,,,,,,,,0.0,,,,,,,,,,,,,,
2020-08-24,07:28:00,SEM VÍTIMA,FINALIZADA,IBURA,AV CHAPADA DO ARARIPE,57,,EM FRENTE AO Nº 57,IBURA,,,COLISÃO FRONTAL,VEÍCULO ESTACIONADO EM FILA DUPLA,2.0,,,,,,,,,0.0,,Longo da via,Bom,Não existe,Não existente,Seca,Perfeito estado,Não existe,Não há placas,,Dupla,Não existe,,
2020-08-19,14:45:00,SEM VÍTIMA,FINALIZADA,ESPINHEIRO,AV CONSELHEIRO AGUIAR,431,,,ESPINHEIRO,,SUBURBIO,CHOQUE OBJETO FIXO,PEDALADA CICLISTICA - SOLICITANDO CICLO FAIXA,1.0,,,,,,,,,0.0,,Longo da via,Bom,Não existe,Perfeito estado,Seca,Perfeito estado,Não existe,,,Única,Faixa contínua,Faixa seccionada,
2020-08-19,14:45:00,SEM VÍTIMA,FINALIZADA,BOA VISTA,AV CONDE DA BOA VISTA,,,EM FRENTE AO SEMÁFORO Nº 025,BOA VISTA,,,ABALROAMENTO TRANSVERSAL,PEDALADA CICLISTICA - SOLICITANDO CICLO FAIXA,2.0,,,,,,,,,0.0,,Longo da via,Chuvoso,Sem defeito,Perfeito estado,Molhada,Perfeito estado,Não existe,Não há placas,,Dupla,Canteiro central,,
2020-08-19,14:30:00,COM VÍTIMA,FINALIZADA,BOA VISTA,AV GOVERNADOR AGAMENON MAGALHAES,,RUA JOAO FERNANDES VIEIRA,COMEÇO DA PRAÇA PARQUE AMORIM.,BOA VISTA,,,ABALROAMENTO LONGITUDINAL,ÔNIBUS E MOTO,,1.0,,,,1.0,,,,1.0,,,,,,,,,,,,,,
2020-08-19,17:07:00,COM VÍTIMA,FINALIZADA,MANGABEIRA,AV NORTE,4578,RUA DA MANGABEIRA,NO SEMÁFORO 096,MANGABEIRA,96.0,SUBURBIO,CHOQUE OBJETO FIXO,CHOQUE SEGUIDO DE UMA COLISÃO TRASEIRA.,1.0,1.0,,,,,,,,2.0,,Longo da via,Bom,Sem defeito,Perfeito estado,Seca,Perfeito estado,Faixa de pedestre,Não há placas,,Única,Canteiro central,,
2020-08-19,18:38:00,COM VÍTIMA,FINALIZADA,BEBERIBE,AV BEBERIBE,4575,,EM FRENTE A LOJA MAGAZINE LUIZA,BEBERIBE,,CIDADE,COLISÃO FRONTAL,AUTO E MOTO,1.0,1.0,,,,,,,,1.0,,Longo da via,Bom,Não existe,Não existente,Seca,Perfeito estado,Não existe,Não há placas,,Dupla,Não existe,,
2020-08-19,18:53:00,COM VÍTIMA,FINALIZADA,ALTO JOSÉ DO PINHO,AV NORTE,4861,,EM FRENTE AO ARMAZÉM CORAL,ALTO JOSÉ DO PINHO,,CIDADE,ATROPELAMENTO,MOTO X AUTO E PEDESTRE,1.0,1.0,,,1.0,,,,,1.0,,Longo da via,Bom,Não existe,Perfeito estado,Seca,Perfeito estado,Não existe,Não há placas,40 km/h,Dupla,Canteiro central,,
2020-08-19,19:32:00,COM VÍTIMA,FINALIZADA,VÁRZEA,RUA PROFESSOR ANTONIO COELHO,447,RUA MARECHAL MANOEL LUIS OSORIO,E/F AO COLÉGIO PONTUAL E HOSPITAL HAPVIDA,VÁRZEA,,,ABALROAMENTO TRANSVERSAL,ENTRE ÕNIBUS E MOTO. C/V,,1.0,,,,1.0,,,,1.0,,Cruzamento,Bom,Não existe,Perfeito estado,Seca,Perfeito estado,Faixa de pedestre,Placas Pare,30 km/h,Dupla,Faixa seccionada,,