data,hora,natureza_acidente,situacao,bairro,endereco,numero,detalhe_endereco_acidente,complemento,bairro_cruzamento,num_semaforo,sentido_via,tipo,descricao,auto,moto,ciclom,ciclista,pedestre,onibus,caminhao,viatura,outros,vitimas,vitimasfatais,acidente_verificado,tempo_clima,situacao_semaforo,sinalizacao,condicao_via,conservacao_via,ponto_controle,situacao_placa,velocidade_max_via,mao_direcao,divisao_via1,divisao_via2,divisao_via3
2020-09-27,10:53:00,COM VÍTIMA,FINALIZADA,ARRUDA,RUA DA REGENERACAO,1147,RUA CLARA,E/F HYANNAH ESPAÇO DE EVENTOS,ARRUDA,,SUBURBIO,ABALROAMENTO LONGITUDINAL,COLISÃO C/VITIMA ENTRE UM AUTO E UMA MOTO,1.0,1.0,,,,,,,,1.0,,Cruzamento,Bom,Não existe,Não existente,Seca,Perfeito estado,Não existe,Não há placas,,Dupla,Não existe,,
2020-09-27,19:25:00,COM VÍTIMA,FINALIZADA,IMBIRIBEIRA,AV SUL,,,AO LADO DA ESTAÇAO ANTONIO FALCAO,IMBIRIBEIRA,,SUBURBIO,ABALROAMENTO LONGITUDINAL,COLISAO ENTRE AUTO E MOTO COM VITIMA,1.0,1.0,,,,,,,,1.0,,Longo da via,Chuvoso,Não existe,Perfeito estado,Molhada,Perfeito estado,Não existe,Não há placas,30 km/h,Dupla,Não existe,,
2020-09-27,21:28:00,COM VÍTIMA,FINALIZADA,CASA AMARELA,RUA CONS NABUCO,292,,PROX AO BOMPREÇO,CASA AMARELA,,,ATROPELAMENTO,ATROPELAMENTO DE PEDESTRE,,1.0,,,1.0,,,,,1.0,,Longo da via,Chuvoso,Não existe,Perfeito estado,Molhada,Perfeito estado,Não existe,Não há placas,,Dupla,Não existe,,
2020-09-27,21:49:00,COM VÍTIMA,FINALIZADA,SANTO AMARO,AV NORTE,754,3TR TREZE DE MAIO,NO CRUZAMENTO,SANTO AMARO,,SUBURBIO,COLISÃO TRASEIRA,AUTO E MOTO. O CONDUTOR DO AUTO SE EVADIU.,1.0,1.0,,,,,,,,1.0,,Longo da via,Bom,Não existe,Perfeito estado,Seca,Perfeito estado,Não existe,Não há placas,,Única,Faixa seccionada,,
2020-09-28,07:15:00,COM VÍTIMA,FINALIZADA,JORDÃO,AV MARIA IRENE,1064,RUA CRISTALIA,TERMINAL DA VAN,JORDÃO,,CIDADE,ABALROAMENTO LONGITUDINAL,COM VITIMA. MICROÔNIBUS E MOTOCICLETA,,1.0,,,,1.0,,,,1.0,,Longo da via,Bom,Não existe,Perfeito estado,Seca,Perfeito estado,Não existe,Não há placas,60 km/h,Dupla,Faixa contínua,,
2020-09-28,10:13:00,SEM VÍTIMA,FINALIZADA,ENCRUZILHADA,RUA CASTRO ALVES,,,PROX A PRAÇA DA PICANHA  EM FRENTE A LOJA ENCRUZILHADA VIDROS,ENCRUZILHADA,,SUBURBIO,COLISÃO,COLISÃO SEM VITIMAS,2.0,,,,,,,,,0.0,,,,,,,,,,,,,,
2020-09-28,11:05:00,COM VÍTIMA,FINALIZADA,IMBIRIBEIRA,AV MARECHAL MASCARENHAS DE MORAES,4745,,APOS O AEROPORTO- ANTES DO ATACADOL DOS PRESENTES,IMBIRIBEIRA,,CIDADE,COLISÃO COM CICLISTA,VITIMA JA FOI ENCAMINHADA PARA O HOSPITAL. ÔNIBUS E CICLISTA.,,,,1.0,,1.0,,,,1.0,,Longo da via,Bom,Sem defeito,Perfeito estado,Seca,Perfeito estado,Faixa de pedestre,Não há placas,,Dupla,Canteiro central,,
2020-09-28,13:19:00,COM VÍTIMA,FINALIZADA,IPSEP,RUA HELIO BRANDAO,135,RUA ADERBAL DE MELO,EM FRENTE AO CHAMBARIL DO JOÃO,IPSEP,,,ABALROAMENTO TRANSVERSAL,COLISÃO COM VÍTIMA,1.0,1.0,,,,,,,,1.0,,Cruzamento,Bom,Não existe,Perfeito estado,Seca,Perfeito estado,Outros,Placas Pare,,Única,Faixa seccionada,,
2020-09-29,00:28:00,COM VÍTIMA,CANCELADA,AFOGADOS,RUA DA PAZ,,RUA NICOLAU PEREIRA,CRUZAMENTO C/A RUA NICOLAU PEREIRA,AFOGADOS,,,COLISÃO,COLISÃO 2 AUTOS - C/VÍTIMA,2.0,,,,,,,,,1.0,,,,,,,,,,,,,,
2020-09-29,00:28:00,SEM VÍTIMA,FINALIZADA,BOMBA DO HEMETÉRIO,RUA JACOB,,,IMÓVEL Nº 31,BOMBA DO HEMETÉRIO,,CIDADE,CHOQUE VEÍCULO PARADO,COLISÃO VIATURA DA POLICIA MILITAR X AUTO PASSEIO - S/VITIMA,2.0,,,,,,,,,0.0,,Longo da via,Bom,Não existe,Não existente,Seca,Perfeito estado,Não existe,Não há placas,30 km/h,Dupla,Faixa seccionada,,
2020-09-29,04:14:00,COM VÍTIMA,FINALIZADA,NOVA DESCOBERTA,RUA NOVA DESCOBERTA,412,,EM FRENTE A IGREJA CONGRECIONAL. IGREJA DO EVANGELHO QUADRANGULAR.,NOVA DESCOBERTA,,CIDADE,CHOQUE VEÍCULO PARADO,COLISÃO QUATRO AUTOS,4.0,,,,,,,,,1.0,,Longo da via,Bom,Não existe,Perfeito estado,Seca,Perfeito estado,Não existe,Não há placas,,Dupla,Não existe,,
2020-09-29,09:25:00,COM VÍTIMA,FINALIZADA,LINHA DO TIRO,RUA URIEL DE HOLANDA,893,,APÓS A CHURRASCARIA CACHOEIRA,LINHA DO TIRO,,CIDADE,COLISÃO FRONTAL,COM UMA VITIMA AGUARDANDO SAMU,1.0,,,,,1.0,,,,1.0,,Longo da via,Bom,Não existe,Perfeito estado,Seca,Perfeito estado,Não existe,R-6a,,Dupla,Faixa seccionada,,
2020-09-29,10:37:00,COM VÍTIMA,FINALIZADA,IMBIRIBEIRA,AV MARECHAL MASCARENHAS DE MORAES,,,EM FRENTE A FERREIRA COSTA,IMBIRIBEIRA,386.0,CIDADE,ABALROAMENTO LONGITUDINAL,MOTO E AUTO,1.0,1.0,,,,,,,,1.0,,Longo da via,Bom,Sem defeito,Perfeito estado,Seca,Perfeito estado,Faixa de pedestre,Não há placas,60 km/h,Dupla,Canteiro central,,
2020-09-29,14:48:00,SEM VÍTIMA,FINALIZADA,BOA VIAGEM,RUA RIBEIRO DE BRITO,4121,,LADO OPOSTO AO BAR GRILL,BOA VIAGEM,,CIDADE,COLISÃO TRASEIRA,COLISÃO CARRO X CARRO- A OUTRA PARTE ENVOLVIDA SE EVADIU DO LOCAL DE PLACA XXX,2.0,,,,,,,,,0.0,,Longo da via,Bom,Sem defeito,Perfeito estado,Seca,Perfeito estado,Faixa de pedestre,,,Única,Faixa contínua,,
2020-09-29,21:30:00,COM VÍTIMA,FINALIZADA,VÁRZEA,RUA DIOGO DE VASCONCELOS,260,RUA GOVERNADOR LEOPOLDO NEVES,PROXIMO DA PIZZARIA PAULLYNE- PROXIMO DA PADARIA PÃO DE CRISTO DELLI,VÁRZEA,,SUBURBIO,ABALROAMENTO TRANSVERSAL,COLISÃO ENTRE AUTO E MOTO C/V,1.0,1.0,,,,,,,,1.0,,Longo da via,Bom,Não existe,Perfeito estado,Seca,Perfeito estado,Não existe,Não há placas,,Dupla,Faixa seccionada,,
2020-09-30,10:15:00,COM VÍTIMA,CANCELADA,TORRE,RUA JOSE BONIFACIO,,,EM FRENTE AO ANTIGO BANORTE,TORRE,,,COLISÃO,COLISÃO C/V. USUÁRIO INFORMA QUE VT 20 ESTÁ NO LOCAL.,1.0,,1.0,,,,,,,1.0,,,,,,,,,,,,,,
2020-09-30,14:09:00,COM VÍTIMA,FINALIZADA,ROSARINHO,AV NORTE,3109,,EM FRENTE À PADARIA ROSARINHO,ROSARINHO,,CIDADE,COLISÃO TRASEIRA,COLISÃO ENVOLVENDO 4 AUTOS CHEVROLET CORSA. VW VOYAGE.POLO. VW VIRTUS,4.0,,,,,,,,,1.0,,Longo da via,Bom,Sem defeito,Perfeito estado,Seca,Perfeito estado,Não existe,Não há placas,40 km/h,Dupla,Canteiro central,,
2020-09-30,14:44:00,SEM VÍTIMA,FINALIZADA,IPSEP,RUA HELIO BRANDAO,135,RUA ADERBAL DE MELO,,IPSEP,,,ABALROAMENTO TRANSVERSAL,COLISÃO SEM VÍTIMA/ VEÍCULO OFICIAL,2.0,,,,,,,,,0.0,,Longo da via,Bom,Não existe,Perfeito estado,Seca,Perfeito estado,,Placas Pare,,Única,Faixa seccionada,,
2020-09-30,17:59:00,COM VÍTIMA,FINALIZADA,SÃO JOSÉ,AV DANTAS BARRETO,1246,RUA SAO JOAO,N 946 S/T PRAÇA SERGIO LORETO,SÃO JOSÉ,,,ATROPELAMENTO,ÔNIBUS E PEDESTRE,,,,,1.0,1.0,,,,1.0,,Longo da via,Bom,Sem defeito,Ilegível,Seca,Mal iluminada,Não existe,Outras,,Dupla,Faixa contínua,Faixa seccionada,Canteiro central
2020-09-30,21:32:00,COM VÍTIMA,FINALIZADA,JARDIM SÃO PAULO,RUA SENADOR ALBERTO PASQUALINI,,,E/F AO RESTAURANTE SUBWAY / PRÓX A JOTA LANCHES,JARDIM SÃO PAULO,,SUBURBIO,COLISÃO COM CICLISTA,MOTO X BICICLETA. C/V,,1.0,,1.0,,,,,,3.0,,Longo da via,Bom,Não existe,Ilegível,Seca,Mal iluminada,Não existe,Placas Pare,,Única,Faixa seccionada,,
2020-09-30,22:37:00,COM VÍTIMA,FINALIZADA,MADALENA,RUA ARLINDO GOUVEIA,145,,PRÓX AO CLUBE INTERNACIONAL. PRAÇA JOSÉ DA MOTA SILVEIRA.,MADALENA,,SUBURBIO,ABALROAMENTO TRANSVERSAL,AUTO X MOTO. C/V,1.0,1.0,,,,,,,,1.0,,Longo da via,Chuvoso,Não existe,Perfeito estado,Seca,Perfeito estado,Não existe,Não há placas,,Dupla,Faixa contínua,,
2020-10-01,03:23:00,SEM VÍTIMA,FINALIZADA,JARDIM SÃO PAULO,RUA LEANDRO BARRETO,,,NA DESCIDA DO VIADUTO - SENTIDO LA ROCK,JARDIM SÃO PAULO,,,CHOQUE OBJETO FIXO,CONDUTOR PERDEU O CONTROLE E CHOCOU O VEICULO CONTRA ESTACAS DE FERRO NUMA CALÇADA E- EM SEGUIDA- ABANDONOU O VEICULO.,1.0,,,,,,,,,0.0,,,,,,,,,,,,,,
2020-10-01,09:38:00,SEM VÍTIMA,FINALIZADA,BAIRRO DO RECIFE,RUA JENER DE SOUZA,,PRC DO DERBY,SOB O SEMÁFORO Nº 418,BAIRRO DO RECIFE,418.0,CIDADE,ABALROAMENTO LONGITUDINAL,SEM VITIMA /VEÍCULO OFICIAL CTTU NO LOCAL /GM EVANDRO RAMOS/COIMBRA PONTO FIXO,2.0,,,,,,,,,0.0,,Cruzamento,Bom,Sem defeito,,Seca,Perfeito estado,,R-25b,40 km/h,Dupla,Faixa contínua,,
2020-10-01,12:44:00,COM VÍTIMA,FINALIZADA,ARRUDA,AV PROFESSOR JOSE DOS ANJOS,972,,PROX AO CRUZAMENTO DA EST VELHA DE ÁGUA FRIA,ARRUDA,,SUBURBIO,COLISÃO COM CICLISTA,COLISAO ENTRE MOTO E CICLISTA,,1.0,,1.0,,,,,,1.0,,Longo da via,Bom,Não existe,Perfeito estado,Seca,Perfeito estado,Não existe,Não há placas,60 km/h,Única,Faixa seccionada,,
2020-10-01,13:45:00,COM VÍTIMA,FINALIZADA,AFOGADOS,EST DOS REMEDIOS,1462,RUA BUGRE,EM FRENTE A TUPAN,AFOGADOS,,,COLISÃO,COLISÃO MOTO X CARRO,1.0,1.0,,,,,,,,1.0,,,,,,,,,,,,,,
2020-10-01,18:21:00,COM VÍTIMA,FINALIZADA,MACAXEIRA,AV NORTE,,RUA TIJUCAL,EM FRENTE A ESCOLA ESTADUAL MARIA AMÁLIA,MACAXEIRA,451.0,SUBURBIO,COLISÃO COM CICLISTA,COLISÃO ENTRE ÔNIBUS E CICLISTA- C/V,,,,1.0,,1.0,,,,1.0,,Longo da via,Bom,Sem defeito,Incompleta,Seca,Mal iluminada,Faixa de pedestre,Outras,60 km/h,Dupla,,,
2020-10-01,19:32:00,COM VÍTIMA,FINALIZADA,BONGI,EST DO BONGI,190,RUA COSME VIANA,AO LADO DO VAREJÃO DO POVO E WM GNV.,BONGI,100.0,SUBURBIO,ABALROAMENTO LONGITUDINAL,COLISÃO ENTRE AUTO E MOTO C/V,1.0,1.0,,,,,,,,1.0,,Longo da via,Bom,Sem defeito,Perfeito estado,Seca,Perfeito estado,Faixa de pedestre,Placas Dê a preferência,40 km/h,Dupla,Faixa contínua,,
2020-10-01,19:49:00,COM VÍTIMA,CANCELADA,CAMPO GRANDE,AV CORREIA DE BRITO,1206,,EM FRENTE AO POSTO DE COMBUSTIVEL DESLUB,CAMPO GRANDE,,,ATROPELAMENTO,AUTO ATROPELOU CARROCEIRO- E LOGO APOS CHOCOU-SE EM UM AUTO QUE ESTAVA ESTACIONADO,2.0,,,,1.0,,,,,1.0,,,,,,,,,,,,,,
2020-10-01,21:49:00,SEM VÍTIMA,FINALIZADA,PARNAMIRIM,RUA SEBASTIAO MALTA ARCOVERDE,223,,EM FRENTE AO Nº 223,PARNAMIRIM,,SUBURBIO,ABALROAMENTO LONGITUDINAL,COLISÃO ENTRE DUAS MOTOS- S/V (UMA DAS MOTOS É UM VEÍCULO OFICIAL DA POLÍCIA MILITAR),,2.0,,,,,,,,0.0,,Longo da via,Bom,Sem defeito,Perfeito estado,Seca,Mal iluminada,Faixa de pedestre,Não há placas,,Única,Não existe,,
2020-10-02,10:36:00,COM VÍTIMA,FINALIZADA,SANTO AMARO,RUA PEDRO AFONSO,318,RUA TREZE DE MAIO,DE ESQUINA COM O SESC  DE SANTO AMARO,SANTO AMARO,427.0,CIDADE,ABALROAMENTO TRANSVERSAL,COLISÃO COM VITIMA A ESPERA DO SAMU,1.0,1.0,,,,,,,,1.0,,Longo da via,Bom,Sem defeito,Perfeito estado,Seca,Perfeito estado,Não existe,Outras,40 km/h,Dupla,Faixa contínua,,
2020-10-02,11:18:00,SEM VÍTIMA,FINALIZADA,BOA VIAGEM,AV ENGENHEIRO DOMINGOS FERREIRA,,,LADO OPOSTO AO 3638,BOA VIAGEM,,,ABALROAMENTO LONGITUDINAL,FLUIDEZ AO TRÂNSITO DEVIDO A UMA COLISÃO SEM VÍTIMA,2.0,,,,,,,,,0.0,,,,,,,,,,,,,,
2020-10-02,14:34:00,COM VÍTIMA,FINALIZADA,ILHA DO RETIRO,RUA JOAO IVO DA SILVA,,,E/F A AUTO LINE HONDA . AO LADO DA RENAULT.,ILHA DO RETIRO,,SUBURBIO,COLISÃO TRASEIRA,COLISAO ENTRE AUTO E UMA TRAÇAO ANIMAL. SEGUNDO O BOLETIM FÍSICO- HOUVE A COLISÃO DO AUTO COM UM CARRO DE MÃO QUE POR SUA VEZ DERRUBOU A VÍTIMA.,1.0,,,,,,,,1.0,1.0,,Longo da via,Bom,Não existe,Incompleta,Seca,Perfeito estado,Não existe,R-6a,,Única,Faixa seccionada,,
2020-10-02,16:24:00,COM VÍTIMA,FINALIZADA,AREIAS,AV RECIFE,758,,EM FRENTE A BRASIL VEÍCULOS/ SENTIDO CABO,AREIAS,,SUBURBIO,COLISÃO,COLISÃO COM VÍTIMA,,1.0,,,,,1.0,,,1.0,,Longo da via,Bom,Não existe,Perfeito estado,Seca,Perfeito estado,Não existe,Não há placas,60 km/h,Dupla,Canteiro central,,
2020-10-02,20:28:00,COM VÍTIMA,FINALIZADA,BOA VIAGEM,AV CONSELHEIRO AGUIAR,,RUA SOUTO FILHO,PRÓX A ESCOLA ESTADUAL LANDELINO ROCHA,BOA VIAGEM,133.0,CIDADE,ABALROAMENTO LONGITUDINAL,AUTO X MOTO. C/V,1.0,1.0,,,,,,,,1.0,,Cruzamento,Bom,Sem defeito,Perfeito estado,Seca,Mal iluminada,Faixa de pedestre,R-6a,60 km/h,Única,Faixa seccionada,,
2020-10-02,21:06:00,COM VÍTIMA,FINALIZADA,BARRO,AV DR JOSE RUFINO,2838,,PROX AO COLEGIO ALBERTO TORRES POR CIMA DO VIADUTO DO BARRO SENTIDO RECIFE. ALÇA QUE LIGA A BR-101.,BARRO,,,ABALROAMENTO TRANSVERSAL,ONIBUS MILBUS X MOTO,,1.0,,,,1.0,,,,1.0,,Cruzamento,Bom,Não existe,Ilegível,Seca,Mal iluminada,Não existe,Não há placas,,Dupla,Faixa seccionada,,
2020-10-02,22:25:00,COM VÍTIMA,FINALIZADA,MUSTARDINHA,RUA VINTE E UM DE ABRIL,1295,,PROX A FARMACIA COELHO E ROCK PIZZA. ESPETINHO E CALDINHO DOS AMIGOS.,MUSTARDINHA,,SUBURBIO,ATROPELAMENTO,PEDESTRE X CAMINHAO,,,,,1.0,,1.0,,,1.0,,Longo da via,Bom,Sem defeito,Perfeito estado,Seca,Perfeito estado,,Não há placas,30 km/h,Dupla,Não existe,,
2020-10-03,07:04:00,SEM VÍTIMA,FINALIZADA,MACAXEIRA,AV NORTE,,,E/F AO PONTO DE TAXI TI MACAXEIRA,MACAXEIRA,,,COLISÃO,COLISÃO S/VITIMA ENTRE UMA VIATURA CORPO DE BOMBEIROS E UM BRT,,,,,,1.0,,1.0,,0.0,,,,,,,,,,,,,,
2020-10-03,08:11:00,COM VÍTIMA,FINALIZADA,AFOGADOS,AV SUL,,PTE DE AFOGADOS,NO INICIO DA FAIXA EXCLUSIVA DE ONIBUS,AFOGADOS,320.0,CIDADE,COLISÃO COM CICLISTA,AGUARDANDO SOCORRO DOS BOMBEIROS. AUTO E CICLISTA.,1.0,,,1.0,,,,,,1.0,,Ponte,Bom,Sem defeito,Perfeito estado,Seca,Perfeito estado,Não existe,Outras,,Dupla,Canteiro central,,
2020-10-03,10:17:00,COM VÍTIMA,FINALIZADA,SANTO AMARO,AV GOVERNADOR AGAMENON MAGALHAES,,,PRÓXIMO AO VIADUTO DA JOÃO DE BARROS.,SANTO AMARO,684.0,SUBURBIO,COLISÃO TRASEIRA,COLISÃO C/VITIMA ENTRE UM AUTO E UMA MOTO,1.0,1.0,,,,,,,,1.0,,Longo da via,Bom,Sem defeito,Perfeito estado,Seca,Perfeito estado,Faixa de pedestre,Não há placas,60 km/h,Única,Faixa contínua,,
2020-10-03,14:16:00,COM VÍTIMA,FINALIZADA,CORDEIRO,AV GENERAL SAN MARTIN,625,RUA GOMES TABORDA,PROX AO POSTO DE GASOLINA MULTI POSTO,CORDEIRO,67.0,CIDADE,ABALROAMENTO TRANSVERSAL,COLISÃO MOTO X MOTO- UM CONDUTOR SOCORRIDO PELO SAMU,,2.0,,,,,,,,1.0,,Longo da via,Bom,Sem defeito,Perfeito estado,Seca,Perfeito estado,Faixa de pedestre,R-6a,,Dupla,Faixa contínua,,
2020-10-03,16:45:00,COM VÍTIMA,FINALIZADA,CAJUEIRO,RUA COUTO SOARES,454,RUA NOVA JALES,PROX AO TERMINAL DE ONIBUS CAJUEIRO NA SUBIDA DA LADEIRA,CAJUEIRO,,SUBURBIO,COLISÃO FRONTAL,MOTO X CARRO,1.0,1.0,,,,,,,,1.0,,Cruzamento,Bom,Não existe,Não existente,Seca,Perfeito estado,Não existe,Não há placas,,Dupla,Não existe,,
2020-10-03,19:52:00,SEM VÍTIMA,CANCELADA,COHAB,AV CAMPO VERDE,48,,PROXIMO DA ASSEMBLEIA DE DEUS- PROXIMO DA KITANDA SANTO ANTÔNIO,COHAB,,,CHOQUE,AUTO CHOCOU-SE CONTRA O MURO DE UMA RESIDÊNCIA DERRUBANDO O MESMO ( MOTORISTA APRESENTA SINTOMAS DE EMBRIAGREZ),1.0,,,,,,,,,0.0,,,,,,,,,,,,,,
2020-10-04,07:16:00,COM VÍTIMA,FINALIZADA,SÃO JOSÉ,VDO DAS CINCO PONTAS,,,SOBRE O VIADUTO. AO LADO DO FORTE.,SÃO JOSÉ,,SUBURBIO,CHOQUE OBJETO FIXO,MOTOCICLETA COLIDIU NA MURETA E CAIU NA VIA.,,1.0,,,,,,,,1.0,,Viaduto,Bom,Não existe,Não existente,Seca,Mal conservada,Não existe,Não há placas,,Única,Não existe,,
2020-10-04,13:50:00,COM VÍTIMA,FINALIZADA,CAMPO GRANDE,RUA ODORICO MENDES,434,,EM FRENTE AO SUPERMERCADO STYLLUS,CAMPO GRANDE,,SUBURBIO,COLISÃO FRONTAL,COM VÍTIMA,1.0,1.0,,,,,,,,1.0,,Longo da via,Bom,Não existe,Perfeito estado,Seca,Perfeito estado,Não existe,,,Dupla,Faixa seccionada,,
2020-10-04,14:31:00,COM VÍTIMA,FINALIZADA,JARDIM SÃO PAULO,AV RECIFE,5635,RUA SENADOR ALBERTO PASQUALINI,EM FRENTE A ESQUINA DO GALETO/ SENTIDO CENTRO,JARDIM SÃO PAULO,259.0,AEROPORTO,COLISÃO COM CICLISTA,COLISÃO COM VÍTIMA,1.0,,,1.0,,,,,,1.0,,Cruzamento,Bom,Sem defeito,Perfeito estado,Seca,Perfeito estado,Faixa de pedestre,R-6a,,Dupla,Canteiro central,,
2020-10-04,17:13:00,SEM VÍTIMA,FINALIZADA,MACAXEIRA,AV VEREADOR OTACILIO AZEVEDO,4674,,PROX A DELEGACIA DA MACAXEIRA,MACAXEIRA,,,COLISÃO,COLISAO ENTRE AUTOS UM DOS CONDUTORES ESTA COM SITOMAS DE EMBRIAGUEZ,3.0,,,,,,,,,0.0,,,,,,,,,,,,,,
2020-10-04,21:17:00,COM VÍTIMA,FINALIZADA,BOA VIAGEM,RUA PARIS,630B,,PRÓX A FACULDADE BV,BOA VIAGEM,,CIDADE,ABALROAMENTO LONGITUDINAL,MOTO X AUTO. C/V,1.0,1.0,,,,,,,,1.0,,Longo da via,Bom,Sem defeito,Ilegível,Seca,Mal iluminada,Não existe,Não há placas,,Dupla,Faixa contínua,,
2020-10-05,08:13:00,COM VÍTIMA,FINALIZADA,ARRUDA,AV PROFESSOR JOSE DOS ANJOS,,,EM BAIXO DA ESTRUTURA DO ESTADIO DO ARRUDA / PROX DO BOMPREÇO DA AV BEBERIBE,ARRUDA,,SUBURBIO,COLISÃO COM CICLISTA,COLISAO AUTO E BICICLETA,1.0,,,1.0,,,,,,1.0,,Longo da via,Chuvoso,Não existe,Perfeito estado,Seca,Perfeito estado,Não existe,R-6a,,Única,Faixa seccionada,,
2020-10-05,08:27:00,COM VÍTIMA,FINALIZADA,ARRUDA,RUA RAMIZ GALVAO,133,RUA RAUL POMPEIA,RUA DA FEIRA DO ARRUDA. EM FRENTE AO RESTAURANTE MISTUREBA.,ARRUDA,,CIDADE,ABALROAMENTO LONGITUDINAL,COM DUAS VITIMAS AGUARDANDO SAMU,1.0,1.0,,,,,,,,2.0,,Cruzamento,Bom,Não existe,Perfeito estado,Seca,Perfeito estado,Faixa de pedestre,Placas Pare,30 km/h,,Faixa seccionada,,
2020-10-05,11:27:00,COM VÍTIMA,FINALIZADA,IBURA,RUA DOZE DE JUNHO,,,EM FRENTE AO RESIDENCIAL CAIQUE.,IBURA,,,ABALROAMENTO LONGITUDINAL,COLISÃO C/VITIMA ENTRE UM ONIBUS E UMA MOTO,,1.0,,,,1.0,,,,1.0,,Longo da via,Bom,Não existe,Perfeito estado,Seca,Perfeito estado,Não existe,Não há placas,,Dupla,Faixa seccionada,,
2020-10-05,17:44:00,COM VÍTIMA,FINALIZADA,MADALENA,RUA LOPES DE CARVALHO,401,AV VISCONDE DE ALBUQUERQUE,E/F A MADALENA CENTER,MADALENA,,,ABALROAMENTO LONGITUDINAL,COLISAO ENTRE MOTO E AUTO COM VITIMA,1.0,1.0,,,,,,,,1.0,,Cruzamento,Bom,Não existe,Perfeito estado,Seca,Perfeito estado,,Placas Pare,,Única,Não existe,,
2020-10-05,20:14:00,COM VÍTIMA,FINALIZADA,JARDIM SÃO PAULO,RUA LEANDRO BARRETO,239,,PROXIMO DO GALETOS E CIA- PROXIMO DE NATTOS DOCES E SALGADOS- PROXIMO DA IGREJA DE JESUS CRISTO,JARDIM SÃO PAULO,,CIDADE,COLISÃO COM CICLISTA,COLISÃO ENTRE ÔNIBUS E BICICLETA C/V,,,,1.0,,1.0,,,,1.0,,Longo da via,Bom,Não existe,Perfeito estado,Seca,Perfeito estado,Não existe,Não há placas,40 km/h,Dupla,Faixa seccionada,,
2020-10-05,22:39:00,COM VÍTIMA,CANCELADA,VASCO DA GAMA,AV NORTE,,LGO DOM LUIZ,EM FRENTE AO NORTE PET,VASCO DA GAMA,95.0,,COLISÃO,COLISÃO ENTRE DUAS MOTOS C/V,,2.0,,,,,,,,3.0,,,,,,,,,,,,,,
2020-10-06,07:39:00,SEM VÍTIMA,CANCELADA,JORDÃO,RUA PROFESSORA ARCELINA CAMARA,,,NA SUBIDA DO ALTO  DA JAQUEIRA AO LADO DA ACADEMIA TOP FIT,JORDÃO,,,CHOQUE,MOTORISTA CHOCOU SE CONTRA OUTRO VEICULO EM SEGUIDA SE EVADIU DO LOCAL,,,,,,,,,,0.0,,,,,,,,,,,,,,
2020-10-06,07:48:00,COM VÍTIMA,CANCELADA,BARRO,AV DR JOSE RUFINO,2337,,AO LADO DA IGREJA DO BARRO / CATOLICA,BARRO,,,COLISÃO,COLISÃO COM VITIMA/ AGUARDANDO O SAMU NO LOCAL,1.0,1.0,,,,,,,,1.0,,,,,,,,,,,,,,
2020-10-06,09:04:00,COM VÍTIMA,FINALIZADA,IBURA,AV DOM HELDER CAMARA,351,,IBURA DE BAIXO. CAPOTARIA VICTOR.,IBURA,,CIDADE,ABALROAMENTO LONGITUDINAL,COLISÃO COM VITIMA GM PETERSON QTH,1.0,1.0,,,,,,,,1.0,,Longo da via,Bom,Não existe,Perfeito estado,Seca,Perfeito estado,Não existe,Outras,40 km/h,Dupla,Canteiro central,,
2020-10-06,09:45:00,COM VÍTIMA,FINALIZADA,IPSEP,RUA PROFESSOR JOSE VICENTE,626,RUA SAO NICOLAU,PRÓXIMO A LOJA DE VEÍCULOS V8 MULT IMARCAS,IPSEP,,SUBURBIO,ABALROAMENTO LONGITUDINAL,COLISÃO COM VITIMAS SOCORRIDAS  PELO S BOMBEIROS,,1.0,,,,,1.0,,,2.0,,Longo da via,Bom,Não existe,Perfeito estado,Seca,Perfeito estado,Outros,Outras,,Única,Faixa seccionada,,
2020-10-06,12:04:00,COM VÍTIMA,FINALIZADA,ÁGUA FRIA,AV BEBERIBE,2047,,E/F A FARMACIA PAGUE MENOS LADO OPOSTO AO MERCADO DE AGUA FRIA,ÁGUA FRIA,,CIDADE,ATROPELAMENTO,ATROPELAMENTO DE AUTO E PEDESTRE VT 31 NO LOCAL,1.0,,,,1.0,,,,,1.0,,Longo da via,Bom,Não existe,Perfeito estado,Seca,Perfeito estado,,Outras,,Dupla,Faixa contínua,,
2020-10-06,12:07:00,COM VÍTIMA,FINALIZADA,IMBIRIBEIRA,AV GENERAL MAC ARTHUR,1846,,AO LADO DA ESTAÇAO DO METRO E/F A IGREJA ASSEMBLEIA DE DEUS,IMBIRIBEIRA,,OESTE,ABALROAMENTO LONGITUDINAL,COLISAO ENTRE AUTO E MOTO COM UMA VITIMA,1.0,1.0,,,,,,,,1.0,,Cruzamento,Bom,Não existe,Perfeito estado,Seca,Perfeito estado,Não existe,Não há placas,60 km/h,Única,Faixa seccionada,,
2020-10-06,14:34:00,COM VÍTIMA,FINALIZADA,MADALENA,AV VISCONDE DE ALBUQUERQUE,862,RUA JANUARIO BARBOSA,EM FRENTE A PRAÇA DE EÇA DE QUEIROZ,MADALENA,,SUBURBIO,ABALROAMENTO TRANSVERSAL,COLISÃO COM VÍTIMA,1.0,,,,,1.0,,,,2.0,,Cruzamento,Bom,Não existe,Perfeito estado,Seca,Perfeito estado,Não existe,Placas Pare,,Única,Faixa seccionada,,