data,hora,natureza_acidente,situacao,bairro,endereco,numero,detalhe_endereco_acidente,complemento,bairro_cruzamento,num_semaforo,sentido_via,tipo,descricao,auto,moto,ciclom,ciclista,pedestre,onibus,caminhao,viatura,outros,vitimas,vitimasfatais,acidente_verificado,tempo_clima,situacao_semaforo,sinalizacao,condicao_via,conservacao_via,ponto_controle,situacao_placa,velocidade_max_via,mao_direcao,divisao_via1,divisao_via2,divisao_via3
2020-10-06,16:06:00,SEM VÍTIMA,FINALIZADA,,AV CENTRAL,,RUA LOURENCO DE SA,EM FRENTE AO COMPAZ DO COQUE,,,SUBURBIO,CHOQUE VEÍCULO PARADO,COLISÃO COM VT DA GCM,1.0,,,,,,,,,0.0,,Longo da via,Bom,Não existe,Não existente,Seca,Mal conservada,Não existe,Não há placas,30 km/h,Dupla,Não existe,,
2020-10-06,18:26:00,COM VÍTIMA,CANCELADA,JORDÃO,AV DONA CARENTINA,679,,ENF. A CARENTINA BIKE,JORDÃO,,,COLISÃO,DUAS MOTOS    OBS:VITIMA AGUARDANDO SAMU,,2.0,,,,,,,,1.0,,,,,,,,,,,,,,
2020-10-06,19:13:00,SEM VÍTIMA,FINALIZADA,CAMPO GRANDE,AV PROFESSOR JOSE DOS ANJOS,,RUA FARIAS NEVES,,CAMPO GRANDE,,SUBURBIO,ABALROAMENTO LONGITUDINAL,ENTRE 2 AUTOS. S/V ( O USUÁRIO QUE CAUSOU A COLISÃO- ESTA ALCOOLIZADO,2.0,,,,,,,,,0.0,,Cruzamento,Bom,Não existe,Perfeito estado,Seca,Perfeito estado,Não existe,Não há placas,,Única,Faixa contínua,,
2020-10-06,20:06:00,COM VÍTIMA,FINALIZADA,ESPINHEIRO,AV GOVERNADOR AGAMENON MAGALHAES,,AV JOAO DE BARROS,SOB O VIADUTO INDEPENDÊNCIA.,ESPINHEIRO,,SUBURBIO,TOMBAMENTO,ACIDENTE DE PERCURSO C/VITIMA,,1.0,,,,,,,,1.0,,Longo da via,Bom,Sem defeito,Perfeito estado,Seca,Perfeito estado,Não existe,Não há placas,,Única,Não existe,,
2020-10-07,08:37:00,COM VÍTIMA,FINALIZADA,PINA,AV ANTONIO DE GOES,,,NA SAÍDA DO TUNEL DA VIA MANGUE (PISTA LESTE),PINA,103.0,CIDADE,COLISÃO TRASEIRA,COLISÃO C/VITIMA ENTRE UM AUTO E UMA MOTO,1.0,1.0,,,,,,,,1.0,,Cruzamento,Bom,Sem defeito,Perfeito estado,Seca,Perfeito estado,Faixa de pedestre,Não há placas,60 km/h,Única,Faixa contínua,Canteiro central,
2020-10-07,10:47:00,COM VÍTIMA,FINALIZADA,IPUTINGA,AV MAURICIO DE NASSAU,276,RUA LAVRAS DO SUL,EM FRENTE AO REI DO BOLO E SUPERMERCADO RENDE MAIS.,IPUTINGA,109.0,CIDADE,ABALROAMENTO LONGITUDINAL,COM UMA VITIMA AGUARDANDO SAMU,1.0,1.0,,,,,,,,1.0,,Esquina,Bom,Sem defeito,Perfeito estado,Seca,Perfeito estado,Outros,Outras,40 km/h,Dupla,Não existe,,
2020-10-07,11:27:00,COM VÍTIMA,FINALIZADA,CORDEIRO,RUA TIJUCA,166,RUA TABATINGA,EM FRENTE DO RESTAURANTE JOAO DA CARNE DE SOL,CORDEIRO,,SUBURBIO,ABALROAMENTO LONGITUDINAL,DUAS MOTOS / UMA DAS MOTOS AINDA NAO FOI EMPLACADA,,2.0,,,,,,,,1.0,,Cruzamento,Bom,Não existe,Perfeito estado,Seca,Perfeito estado,Não existe,Placas Pare,,Dupla,,,
2020-10-07,12:51:00,SEM VÍTIMA,FINALIZADA,BOA VIAGEM,AV BOA VIAGEM,6234,RUA JEAN MERMOZ,ED. PARQUE AVENIDA LIVING,BOA VIAGEM,,CIDADE,COLISÃO TRASEIRA,,2.0,,,,,,,,,0.0,,Longo da via,Bom,Sem defeito,Perfeito estado,Seca,Perfeito estado,Não existe,Não há placas,60 km/h,Única,Faixa contínua,,
2020-10-07,13:13:00,COM VÍTIMA,FINALIZADA,BOA VIAGEM,AV ENGENHEIRO DOMINGOS FERREIRA,3901,,EM FRENTE A ACADEMIA HI,BOA VIAGEM,,SUBURBIO,COLISÃO TRASEIRA,COLISÃO CARRO X MOTO / AGENTE DECIO E IGOR NO LOCAL,1.0,1.0,,,,,,,,1.0,,Longo da via,Bom,Não existe,Perfeito estado,Seca,Perfeito estado,Não existe,,60 km/h,Única,Faixa seccionada,,
2020-10-07,13:21:00,COM VÍTIMA,FINALIZADA,IPUTINGA,AV MAURICIO DE NASSAU,291,RUA ODILON ARAUJO,EM FRENTE A PADARIA E PASTELARIA ATLANTICA,IPUTINGA,,SUBURBIO,COLISÃO COM CICLISTA,COLISÃO CARRO X CICLISTA,1.0,,,1.0,,,,,,1.0,,Longo da via,Bom,Não existe,Perfeito estado,Seca,Perfeito estado,Outros,R-6a,40 km/h,Dupla,Faixa seccionada,,
2020-10-07,14:07:00,COM VÍTIMA,FINALIZADA,IPSEP,RUA VIRGINIA HERACLIO,155,RUA LANDELINO CAMARA,PROX A OFICINA DINAMICAR,IPSEP,,SUBURBIO,ABALROAMENTO TRANSVERSAL,COLISAO ENTRE AUTO E MOTO COM VITIMAS,1.0,1.0,,,,,,,,1.0,,Cruzamento,Bom,Não existe,Não existente,Seca,Perfeito estado,Não existe,Não há placas,,Dupla,Não existe,,
2020-10-07,15:56:00,COM VÍTIMA,FINALIZADA,BOA VISTA,RUA JOSE DE ALENCAR,264,RUA BARAO DE SAO BORJA,PROX AO HOTEL BOA VISTA,BOA VISTA,,CIDADE,ABALROAMENTO TRANSVERSAL,CARRO X CARRO,2.0,,,,,,,,,1.0,,Longo da via,Bom,Não existe,Perfeito estado,Seca,Perfeito estado,Não existe,Não há placas,,Única,Não existe,,
2020-10-07,18:59:00,COM VÍTIMA,FINALIZADA,CASA AMARELA,AV NORTE,5400C,,PRÓXIMO A ESCOLA MUNICIPAL ROSEMAR DE MACEDO LIMA,CASA AMARELA,,SUBURBIO,ABALROAMENTO LONGITUDINAL,MOTO / AUTO / CAMINHÃO,1.0,1.0,,,,,1.0,,,1.0,,Longo da via,Bom,,Perfeito estado,Seca,Perfeito estado,,,,Dupla,Canteiro central,,
2020-10-07,20:18:00,COM VÍTIMA,FINALIZADA,IBURA,AV RIO LARGO,275,,PRÓX A PROAB // NO SOBE/DESCE DO IBURA,IBURA,,SUBURBIO,ATROPELAMENTO,ATROPELAMENTO DE PEDESTRE,,,,,1.0,1.0,,,,1.0,,Longo da via,Chuvoso,Não existe,Perfeito estado,Molhada,Perfeito estado,Outros,Outras,,Dupla,Faixa,,
2020-10-07,21:10:00,COM VÍTIMA,FINALIZADA,CASA AMARELA,RUA DA HARMONIA,109,RUA CONS NABUCO,AO LADO DA MERCEARIA NABUCO- AO LADO DA PIZZARIA HEROES,CASA AMARELA,,SUBURBIO,COLISÃO FRONTAL,COLISÃO ENTRE AUTO E MOTO C/V,1.0,1.0,,,,,,,,1.0,,Cruzamento,Bom,Não existe,Perfeito estado,Seca,Perfeito estado,Não existe,Não há placas,,Dupla,Faixa contínua,,
2020-10-07,22:30:00,SEM VÍTIMA,FINALIZADA,MACAXEIRA,AV NORTE,,,PRÓX A INTEGRAÇÃO DA MACAXEIRA,MACAXEIRA,,,COLISÃO,COLISÃO ENTRE CAMINHÃO E VEÍCULO OFICIAL DO TRIBUNAL DE JUSTIÇA- SEM VÍTIMAS,1.0,,,,,,1.0,,,0.0,,Longo da via,Bom,Não existe,Perfeito estado,Seca,Perfeito estado,Não existe,Não há placas,n/i,Única,Faixa seccionada,,
2020-10-08,08:18:00,COM VÍTIMA,FINALIZADA,IPUTINGA,RUA DR NINA RODRIGUES,280,RUA CORDISLANDIA,RESIDENCIA  NA RUA DO BANCO SANTANDER,IPUTINGA,,,ABALROAMENTO LONGITUDINAL,COLISÃO COM VITIMA,1.0,1.0,,,,,,,,1.0,,Cruzamento,Bom,Não existe,Perfeito estado,Seca,Perfeito estado,Não existe,Placas Pare,30 km/h,,,,
2020-10-08,08:25:00,COM VÍTIMA,FINALIZADA,VÁRZEA,RUA GENERAL POLIDORO,267A,,PROX AO RESIDENCIAL RESERVA POLIDORO,VÁRZEA,,SUBURBIO,ABALROAMENTO TRANSVERSAL,COLISÃO COM VITIMA VT 25 QTH,1.0,1.0,,,,,,,,1.0,,Longo da via,Bom,Não existe,Perfeito estado,Seca,Perfeito estado,Não existe,Não há placas,,Dupla,Faixa contínua,,
2020-10-08,09:43:00,COM VÍTIMA,FINALIZADA,BOA VIAGEM,AV MARECHAL MASCARENHAS DE MORAES,6211,,NO SENTIDO CIDADE EM FRENTE AO PREDIO DA JUSTIÇA FEDERAL,BOA VIAGEM,,CIDADE,ABALROAMENTO LONGITUDINAL,COLISÃO COM VITIMA,1.0,1.0,,,,,,,,1.0,,Longo da via,Bom,Não existe,Perfeito estado,Seca,Perfeito estado,,,,Dupla,Canteiro central,,
2020-10-08,10:02:00,COM VÍTIMA,FINALIZADA,IPSEP,RUA JAMAICA,188,RUA ITAJAI,PROX. DO BANCO ITAÚ- NO RETORNO DA IMBIRIBEIRA BOA VIAGEM. IGREJA PRESBITERIANA DO BRASIL.,IPSEP,,CIDADE,COLISÃO FRONTAL,COM VITIMA,2.0,1.0,,,,,,,,2.0,,Cruzamento,Bom,Não existe,Perfeito estado,Seca,Perfeito estado,Faixa de pedestre,Outras,,Única,Faixa contínua,,
2020-10-08,10:33:00,COM VÍTIMA,FINALIZADA,MADALENA,AV JOSE GONCALVES DE MEDEIROS,165,,EM FRENTE A LOJA BYE BYE VESTIDOS. LADO OPOSTO À MEU IPHONE ASSISTÊNCIA TÉCNICA.,MADALENA,,CIDADE,COLISÃO TRASEIRA,COLISÃO COM VITIMA,1.0,1.0,,,,,,,,1.0,,Longo da via,Bom,Não existe,Perfeito estado,Seca,Perfeito estado,,R-6a,40 km/h,Dupla,Faixa contínua,Faixa seccionada,
2020-10-08,12:26:00,COM VÍTIMA,FINALIZADA,PARNAMIRIM,RUA FERREIRA LOPES,,,E/F AO CONSULADO CHINES,PARNAMIRIM,,SUBURBIO,ABALROAMENTO LONGITUDINAL,COLISAO ENTRE AUTO E MOTO COM UMA VITIMA,1.0,1.0,,,,,,,,1.0,,Longo da via,Bom,Não existe,Perfeito estado,Seca,Perfeito estado,Não existe,Outras,30 km/h,Dupla,Faixa seccionada,,
2020-10-08,12:49:00,COM VÍTIMA,FINALIZADA,BOA VIAGEM,AV ENGENHEIRO DOMINGOS FERREIRA,2600,RUA PROFESSOR JOSE BRANDAO,AO LADO DA FARMACIA INDEPENDENTE,BOA VIAGEM,550.0,,COLISÃO,COLISAO ENTRE DUAS MOTOS COM UMA VITIMA,,2.0,,,,,,,,1.0,,Cruzamento,Bom,Sem defeito,Perfeito estado,Seca,Perfeito estado,Faixa de pedestre,Não há placas,60 km/h,,Canteiro central,,
2020-10-08,20:12:00,SEM VÍTIMA,FINALIZADA,IMBIRIBEIRA,VIADUTO TANCREDO NEVES,,,SENTIDO DA INTEGRAÇAO TANCREDO NEVES,IMBIRIBEIRA,,,COLISÃO,VEICULO E MOTO OBS: SEM VITIMA POREM VEICULO DEIXOU RASTROS DE OLEO NA PISTA,1.0,1.0,,,,,,,,0.0,,,,,,,,,,,,,,
2020-10-09,13:13:00,SEM VÍTIMA,FINALIZADA,BOA VIAGEM,AV DES JOSE NEVES,,,APOIS O TUNEL,BOA VIAGEM,,JABOATAO,COLISÃO,COLISAO DE DOIS AUTOS S/V COM SUSPEITA DE ALCOOLEMIA,1.0,,,,,,1.0,,,0.0,,,,,,,,,,,,,,
2020-10-09,13:27:00,SEM VÍTIMA,FINALIZADA,SÃO JOSÉ,AV MARTINS DE BARROS,,,E/F AO CAIS DE SANTA RITA,SÃO JOSÉ,383.0,,COLISÃO,COLISAO DE DOIS AUTOS E UMA MOTO S/V ( CIVIC CARRO OFICIAL),2.0,1.0,,,,,,,,0.0,,,,,,,,,,,,,,
2020-10-09,13:47:00,COM VÍTIMA,FINALIZADA,SANTO ANTÔNIO,RUA VINTE E QUATRO DE MAIO,83,,PROX A AGENCIA DOS CORREIOS,SANTO ANTÔNIO,,,COLISÃO COM CICLISTA,AUTO E CICLISTA COM VITIMAS,1.0,,,1.0,,,,,,1.0,,,,,,,,,,,,,,
2020-10-09,17:23:00,COM VÍTIMA,FINALIZADA,BOA VIAGEM,AV CONSELHEIRO AGUIAR,2034,RUA PROFESSOR OSIAS RIBEIRO,E/F AO SUPERMECARDO MINUTO,BOA VIAGEM,,SUBURBIO,ABALROAMENTO TRANSVERSAL,COLISAO ENTRE DOIS AUTOS COM VITIMAS,2.0,,,,,,,,,1.0,,Cruzamento,Bom,Não existe,,Seca,Perfeito estado,Outros,Outras,,Única,Faixa seccionada,,
2020-10-09,19:14:00,COM VÍTIMA,FINALIZADA,CORDEIRO,RUA ODETE MONTEIRO,,,PROX AO GOE,CORDEIRO,,CIDADE,COLISÃO COM CICLISTA,COLISAO ENTRE MOTO E BICICLETA,,1.0,,1.0,,,,,,1.0,,Longo da via,Bom,Não existe,Perfeito estado,Seca,Perfeito estado,,Não há placas,,Dupla,Faixa contínua,,
2020-10-09,21:48:00,COM VÍTIMA,CANCELADA,LINHA DO TIRO,RUA URIEL DE HOLANDA,,,PROX AO ARMAZEN SHALON,LINHA DO TIRO,,,COLISÃO,COLISAO DE AUTO E MOTO COM VITIMAS,1.0,1.0,,,,,,,,1.0,,,,,,,,,,,,,,
2020-10-10,03:55:00,SEM VÍTIMA,CANCELADA,SAN MARTIN,AV GENERAL SAN MARTIN,,,PRÓXIMO AO BAR DO REGI E A ESCOLA ADVENTISTA,SAN MARTIN,,,CHOQUE VEÍCULO PARADO,CAMINHÃO SE CHOCOU CONTRA O VEÍCULO ESTACIONADO. O CONDUTOR DO CAMINHÃO- SEGUNDO INFORMAÇÕES- ESTÁ COM SUSPEITA DE EMBRIAGUEZ,1.0,,,,,,1.0,,,0.0,,,,,,,,,,,,,,
2020-10-10,09:25:00,COM VÍTIMA,FINALIZADA,BOA VIAGEM,AV FERNANDO SIMOES BARBOSA,266,RUA JACK AYRES,EM FRENTE  AO POSTO DE GASOLINA IPIRANGA. WECON VI EMPRESARIAL CENTER,BOA VIAGEM,183.0,SUBURBIO,ABALROAMENTO LONGITUDINAL,COLISÃO COM VITIMA A ESPERA DO SAMU. UMA DAS PARTES SE EVADIU DO LOCAL DO ACIDENTE.,,1.0,,,,,,,1.0,1.0,,Longo da via,Bom,Sem defeito,Perfeito estado,Seca,Perfeito estado,Não existe,Outras,,Dupla,Canal,,
2020-10-10,15:45:00,COM VÍTIMA,CANCELADA,IPSEP,AV SENADOR ROBERT KENNEDY,,,E/F AO TERMINAL DE ONIBUS VILA DA SUDENE,IPSEP,,,COLISÃO,COLISAO ENTRE AUTO E MOTO COM UMA VITIMA,1.0,1.0,,,,,,,,1.0,,,,,,,,,,,,,,
2020-10-10,16:07:00,COM VÍTIMA,FINALIZADA,ENGENHO DO MEIO,RUA GOVERNADOR LOPO GARRO,353,RUA LINDOLFO COLOR,EM FRENTE AO EDIFICIO PARQUE DOS NOBRES,ENGENHO DO MEIO,,SUBURBIO,ABALROAMENTO TRANSVERSAL,COLISÃO COM VÍTIMA,1.0,1.0,,,,,,,,1.0,,Cruzamento,Bom,Não existe,Perfeito estado,Seca,Perfeito estado,Faixa de retenção,Placas Pare,30 km/h,Dupla,Faixa contínua,,
2020-10-10,16:48:00,SEM VÍTIMA,CANCELADA,JORDÃO,RUA ALBERTO LUNDGREN,,,E/F AO SUPERMERCADO BALAIO NO JORDAO BAIXO,JORDÃO,,,COLISÃO,COLISÃO SEM VÍTIMA/ CONDUTOR COM SUSPEITA DE EMBRIAGUEZ,2.0,,,,,,,,,0.0,,,,,,,,,,,,,,
2020-10-10,18:50:00,COM VÍTIMA,FINALIZADA,TEJIPIÓ,AV DR JOSE RUFINO,2839,,PRÓX AO TERMINAL DE ÔNIBUS- APÓS A BR. SNT JABOATÃO,TEJIPIÓ,,CIDADE,TOMBAMENTO,MOTORISTA CAIU COM A MOTO- DEVIDO AO BURACO NO MEIO DA VIA. SEGUNDO O USUÁRIO- O MESMO LESIONOU CLAVÍCULA E ESTA AGUARDANDO O SAMU.,,1.0,,,,,,,,1.0,,Viaduto,Bom,Sem defeito,Incompleta,Seca,Mal iluminada,Não existe,Outras,,Dupla,Faixa contínua,,
2020-10-11,13:26:00,COM VÍTIMA,FINALIZADA,ESPINHEIRO,RUA DO ESPINHEIRO,,RUA TAMARA,EM FRENTE AO DROGASIL,ESPINHEIRO,,,COLISÃO,CARRO X MOTO / CARRO SE EVADIU DO LOCAL,1.0,1.0,,,,,,,,1.0,,,,,,,,,,,,,,
2020-10-11,18:30:00,SEM VÍTIMA,FINALIZADA,PINA,RUA TOME GIBSON,,,EM FRENTE A BASE DO GTO,PINA,,,CHOQUE,VIATURA DA PM CHOCOU-SE EM UMA CARROÇA,1.0,,,,,,,,,0.0,,,,,,,,,,,,,,
2020-10-12,09:31:00,COM VÍTIMA,FINALIZADA,BOA VIAGEM,AV ENGENHEIRO DOMINGOS FERREIRA,,,LADO OPOSTO AO EXTRA,BOA VIAGEM,297.0,SUBURBIO,ATROPELAMENTO,AUTO E PEDESTRE,1.0,,,,1.0,,,,,1.0,,Longo da via,Bom,Sem defeito,Perfeito estado,,,Faixa de pedestre,Outras,,Única,Canteiro central,,
2020-10-12,13:21:00,COM VÍTIMA,FINALIZADA,IBURA,RUA RIO XINGU,923,,APOS A PADARIA ZILDA,IBURA,,,COLISÃO,COLISAO ENTRE DUAS MOTOS COM DUAS VITIMA,,2.0,,,,,,,,2.0,,,,,,,,,,,,,,
2020-10-12,18:22:00,COM VÍTIMA,FINALIZADA,IPSEP,AV RECIFE,2856,,APÓS A ENTRADA DO IBURA. EM FRENTE A SÉRGIO'S MULTIMARCAS,IPSEP,,BR 101,COLISÃO TRASEIRA,COLISÃO COM DUAS MOTOS,,2.0,,,,,,,,2.0,,Longo da via,Bom,Não existe,Perfeito estado,Seca,Perfeito estado,Não existe,Não há placas,,Dupla,Canteiro central,,
2020-10-12,18:37:00,SEM VÍTIMA,FINALIZADA,VASCO DA GAMA,RUA MIGUEL CARNEIRO,425,,EM FRENTE A ESCOLA MUNICIPAL PROFESSOR ADERBAL GALVAO,VASCO DA GAMA,,,COLISÃO,DOIS AUTO OBS: SUSPEITA DE EMBRIAGUEZ,2.0,,,,,,,,,0.0,,,,,,,,,,,,,,
2020-10-12,20:49:00,COM VÍTIMA,FINALIZADA,SÃO JOSÉ,RUA IMPERIAL,981,TRV DO RAPOSO,SEMÁFORO 510 / E/F A CM FERRO E AÇO,SÃO JOSÉ,510.0,SUBURBIO,ABALROAMENTO TRANSVERSAL,ENTRE AUTO E MICRO-ÔNIBUS.,1.0,,,,,1.0,,,,2.0,,Cruzamento,Bom,Sem defeito,Perfeito estado,Seca,Mal iluminada,Faixa de pedestre,,,Única,,,
2020-10-13,08:02:00,COM VÍTIMA,FINALIZADA,ENCRUZILHADA,AV JOAO DE BARROS,1904,,EM FRENTE AO BRADESCO E ARMAZÉM DE CONSTRUÇÃO CEMAFEL.,ENCRUZILHADA,,CIDADE,TOMBAMENTO,ACIDENTE OCORRIDO COM SI RICARDO CAMPOS,,1.0,,,,,,,,1.0,,Longo da via,Bom,Não existe,Perfeito estado,Seca,Perfeito estado,Não existe,Outras,,Única,Faixa seccionada,,
2020-10-13,09:56:00,COM VÍTIMA,FINALIZADA,DOIS IRMÃOS,RUA MANUEL DE MEDEIROS,111,RUA BARAO DO CAPIBARIBE,PROX A ESCOLA LION.,DOIS IRMÃOS,,AV CAXANGÁ,ABALROAMENTO LONGITUDINAL,MOTO E ONIBUS,,1.0,,,,1.0,,,,2.0,,Longo da via,Bom,Não existe,Ilegível,Seca,Perfeito estado,Não existe,Outras,,Dupla,,,
2020-10-13,16:16:00,SEM VÍTIMA,FINALIZADA,JOANA BEZERRA,RUA MIRANDOPOLIS,,,AO LADO DO TERMINAL INTEGRADO JOANA BEZERRA,JOANA BEZERRA,,SUBURBIO,ABALROAMENTO LONGITUDINAL,COLISÃO COM SUSPEITA DE ALCOLEMIA,1.0,,,,,1.0,,,,0.0,,Longo da via,Bom,Não existe,Não existente,Seca,Perfeito estado,Não existe,Não há placas,,Dupla,Não existe,,
2020-10-13,19:58:00,COM VÍTIMA,FINALIZADA,IPSEP,AV RECIFE,,AV DOM HELDER CAMARA,EM FRENTE A LOCADORA DE VANS DE RECIFE,IPSEP,16.0,SUBURBIO,ABALROAMENTO TRANSVERSAL,COLIÃO ENTRE AUTO E MOTO C/V- UM DOS CONDUTORES APRESENTA SINTOMAS DE EMBRIAGUEZ,1.0,1.0,,,,,,,,1.0,,Cruzamento,Bom,Sem defeito,Perfeito estado,Seca,Perfeito estado,Faixa de pedestre,Outras,,Única,Faixa contínua,Faixa seccionada,Canteiro central
2020-10-14,08:11:00,COM VÍTIMA,FINALIZADA,SÃO JOSÉ,C SANTA RITA,,,LADO OPOSTO AO 16° BATALHÃO.,SÃO JOSÉ,,CIDADE,TOMBAMENTO,ACIDENTE DE PERCURSO ENVOLVENDO MOTOCICLISTA,,1.0,,,,,,,,1.0,,Longo da via,Chuvoso,Não existe,Incompleta,Molhada,Perfeito estado,Não existe,R-6a,60 km/h,Única,Canteiro central,,
2020-10-14,09:11:00,COM VÍTIMA,FINALIZADA,VÁRZEA,AV AFONSO OLINDENSE,1147,RUA SITIO DOS COQUEIROS,ARMAZEM KIOSK,VÁRZEA,,SUBURBIO,ABALROAMENTO LONGITUDINAL,COM VITIMA,1.0,1.0,,,,,,,,1.0,,Esquina,Chuvoso,Não existe,Perfeito estado,Molhada,Perfeito estado,Não existe,Outras,,Dupla,Faixa contínua,,
2020-10-14,11:16:00,COM VÍTIMA,CANCELADA,CAXANGÁ,RUA GOMES TABORDA,1692,,EM FRENTE A CHURRASCARIA VAPOR  82,CAXANGÁ,,,COLISÃO,COLISÃO COM VITIMA,1.0,1.0,,,,,,,,1.0,,,,,,,,,,,,,,
2020-10-14,13:05:00,COM VÍTIMA,FINALIZADA,JORDÃO,RUA DR ALVARO FERRAZ,26,,PROXIMO AO SUPERMERCADO KI PREÇO,JORDÃO,,SUBURBIO,ABALROAMENTO LONGITUDINAL,COLISÃO COM VÍTIMA,1.0,1.0,,,,,,,,1.0,,Longo da via,Chuvoso,Não existe,Ilegível,Molhada,Mal iluminada,Não existe,Não há placas,,Única,Não existe,,
2020-10-14,13:10:00,COM VÍTIMA,FINALIZADA,ALTO JOSÉ BONIFÁCIO,RUA ALTO DA SERRINHA,17,,PROX AO TERMINAL,ALTO JOSÉ BONIFÁCIO,,SUBURBIO,COLISÃO FRONTAL,COLISAO ENTRE ONIBUS E MOTO COM UMA VITIMA,,1.0,,,,1.0,,,,1.0,,Longo da via,Bom,Não existe,Perfeito estado,Seca,Perfeito estado,Não existe,Não há placas,,Dupla,Não existe,,
2020-10-14,14:13:00,COM VÍTIMA,FINALIZADA,TAMARINEIRA,AV CONS ROSA E SILVA,,RUA CONEGO BARATA,EM FRENTE AO SEMÁFORO Nº 61- SENTIDO TAMARINEIRA / CASA AMARELA,TAMARINEIRA,61.0,SUBURBIO,ABALROAMENTO TRANSVERSAL,COLISÃO COM VÍTIMA,1.0,1.0,,,,,,,,1.0,,Cruzamento,Bom,Sem defeito,Perfeito estado,Seca,Perfeito estado,Faixa de pedestre,R-6a,,Única,Faixa contínua,,
2020-10-14,18:41:00,COM VÍTIMA,FINALIZADA,SANTO AMARO,PTE DO LIMOEIRO,,,SOBRE A PONTE,SANTO AMARO,,SUBURBIO,COLISÃO TRASEIRA,COLISÃO COM VÍTIMAS- ENVOLVENDO UMA MOTO E UMA CARROÇA,,1.0,,,,,,,1.0,2.0,,Ponte,Bom,Sem defeito,Perfeito estado,,Perfeito estado,,,,,Faixa contínua,,
2020-10-14,22:19:00,COM VÍTIMA,FINALIZADA,IPSEP,AV RECIFE,,AV SENADOR ROBERT KENNEDY,PROX AO CARLOS FUME E GILVAN DOS PARABRISAS,IPSEP,319.0,CIDADE,ABALROAMENTO LONGITUDINAL,SENTIDO PAM DE AREIAS (HOSPITAL),1.0,1.0,,,,,,,,1.0,,Longo da via,Bom,Sem defeito,Perfeito estado,Seca,Perfeito estado,Não existe,,,Única,,,
2020-10-15,00:29:00,COM VÍTIMA,FINALIZADA,IMBIRIBEIRA,AV MARECHAL MASCARENHAS DE MORAES,,,EM FRENTE A FLORART,IMBIRIBEIRA,316.0,CIDADE,CHOQUE OBJETO FIXO,VEICULO AQUAPLANOU E CONDUTOR FOI SOCORRIDO PARA UPA,1.0,,,,,,,,,1.0,,Longo da via,Chuvoso,Sem defeito,Perfeito estado,Molhada,Perfeito estado,Não existe,Não há placas,,Dupla,Canteiro central,,
2020-10-15,07:03:00,COM VÍTIMA,FINALIZADA,IPUTINGA,AV CAXANGA,4068,,AO LADO DA SUPLANOR,IPUTINGA,,SUBURBIO,ACID. DE PERCURSO,COM UMA VITIMA SAMU NO LOCAL,,1.0,,,,,,,,1.0,,,,,,,,,,,,,,
2020-10-15,07:32:00,COM VÍTIMA,FINALIZADA,DERBY,RUA JOAQUIM NABUCO,92,,EM FRENTE A O HOSPITAL DA RESTAURAÇÃO-NA RAMPA DE ACESSO DO HOSPITAL,DERBY,,SUBURBIO,COLISÃO TRASEIRA,COM UMA VITIMA -SOCORRIDA NO HOSPITAL-GM JOSICARLA E EVANDRO RAMOS PONTO FIXO,1.0,1.0,,,,,,,,1.0,,Longo da via,Chuvoso,Sem defeito,Perfeito estado,Molhada,Perfeito estado,Faixa de pedestre,R-6a,,Única,Faixa seccionada,,
2020-10-15,10:34:00,COM VÍTIMA,FINALIZADA,IMBIRIBEIRA,AV MARECHAL MASCARENHAS DE MORAES,4900,,EM FRENTE A LOCALIZA,IMBIRIBEIRA,531.0,SUBURBIO,COLISÃO TRASEIRA,DUAS MOTOS COM VÍTIMAS,,2.0,,,,,,,,2.0,,Longo da via,Bom,Sem defeito,Perfeito estado,Seca,Perfeito estado,Faixa de pedestre,,60 km/h,Dupla,Canteiro central,,
2020-10-15,12:26:00,COM VÍTIMA,FINALIZADA,VÁRZEA,AV CAXANGA,,,NO CRUZAMENTO DO HOSPITAL SANTA TEREZINHA E DO BOI E BRASA,VÁRZEA,230.0,CIDADE,ABALROAMENTO LONGITUDINAL,CORRO X MOTO / AGENTE ANTEOGENES  NO LOCAL,1.0,1.0,,,,,,,,2.0,,Longo da via,Bom,Sem defeito,Perfeito estado,Seca,Perfeito estado,Outros,Não há placas,,Única,Não existe,,
2020-10-15,13:01:00,COM VÍTIMA,FINALIZADA,BOA VIAGEM,RUA RIO AZUL,,RUA BARAO DE SOUZA LEAO,E/F AO SUPERMERCADO TREVO,BOA VIAGEM,476.0,,ATROPELAMENTO,AUTO E PEDESTRE,1.0,,,,1.0,,,,,1.0,,Longo da via,Bom,Sem defeito,Incompleta,Seca,Perfeito estado,Outros,Não há placas,,Única,Faixa seccionada,,
2020-10-15,13:58:00,COM VÍTIMA,FINALIZADA,BOA VISTA,RUA DO HOSPICIO,208,AV CONDE DA BOA VISTA,EM FRENTE AO MINI-EXTRA,BOA VISTA,23.0,,ATROPELAMENTO,MOTO ATROPELOU PEDESTRE,,1.0,,,1.0,,,,,1.0,,Cruzamento,Bom,Sem defeito,Perfeito estado,Seca,Perfeito estado,Faixa de pedestre,Outras,,Única,Não existe,,