data,hora,natureza_acidente,situacao,bairro,endereco,numero,detalhe_endereco_acidente,complemento,bairro_cruzamento,num_semaforo,sentido_via,tipo,descricao,auto,moto,ciclom,ciclista,pedestre,onibus,caminhao,viatura,outros,vitimas,vitimasfatais,acidente_verificado,tempo_clima,situacao_semaforo,sinalizacao,condicao_via,conservacao_via,ponto_controle,situacao_placa,velocidade_max_via,mao_direcao,divisao_via1,divisao_via2,divisao_via3
2020-10-23,12:31:00,COM VÍTIMA,FINALIZADA,CAMPO GRANDE,RUA PRUDENTE DE MORAES,158,RUA CARLOS FERNANDES,ULTRAGÁS.,CAMPO GRANDE,,CIDADE,ABALROAMENTO TRANSVERSAL,DOIS AUTOS,2.0,,,,,,,,,3.0,,Cruzamento,Bom,Não existe,Perfeito estado,Seca,Perfeito estado,Faixa de retenção,Placas Pare,30 km/h,Dupla,Faixa seccionada,,
2020-10-23,13:36:00,COM VÍTIMA,FINALIZADA,BOA VIAGEM,AV DOM JOAO VI,,RUA PEDRO PAES DE MENDONCA,POR TRÁS DO BIG BOMPRECO DE BOA VIAGEM.,BOA VIAGEM,543.0,CIDADE,ABALROAMENTO LONGITUDINAL,COLISAO ENVOLVENDO AUTO E MOTO COM VITIMA,1.0,1.0,,,,,,,,1.0,,Cruzamento,Bom,Sem defeito,Perfeito estado,Seca,Perfeito estado,Faixa de pedestre,Não há placas,60 km/h,Dupla,Faixa seccionada,,
2020-10-23,16:29:00,COM VÍTIMA,FINALIZADA,TAMARINEIRA,AV CONS ROSA E SILVA,1829,,EM FRENTE AO EDF. TABOCAS,TAMARINEIRA,,SUBURBIO,CHOQUE OBJETO FIXO,CICLISTA PERDEU O CONTROLE DA BICICLETA E COLIDIU NO POSTE.,,,,1.0,,,,,,1.0,,Longo da via,Bom,Não existe,Perfeito estado,Seca,Perfeito estado,Não existe,Não há placas,,Única,Faixa seccionada,,
2020-10-23,20:24:00,COM VÍTIMA,CANCELADA,AFOGADOS,RUA VINTE E UM DE ABRIL,721,,EM FRENTE AO CLUBE FERROVIARIO,AFOGADOS,,,ATROPELAMENTO,,,,,,1.0,,,,,1.0,,,,,,,,,,,,,,
2020-10-23,23:37:00,COM VÍTIMA,FINALIZADA,SANTO AMARO,VDO ENG ROBERTO PEREIRA DE CARVALHO,,,EM CIMA DO VIADUTO PROXIMO AO SHOPPING TACARUNA.,SANTO AMARO,,SUBURBIO,COLISÃO TRASEIRA,VEICULOS SOBRE VIADUTO,2.0,,,,,,,,,1.0,,Viaduto,Bom,Não existe,Perfeito estado,Seca,Perfeito estado,Não existe,Não há placas,,Única,Faixa seccionada,,
2020-10-24,01:35:00,SEM VÍTIMA,FINALIZADA,PINA,AV REPUBLICA ARABE UNIDA,78,,PRÓXIMO AO SHOPPING RIOMAR,PINA,,CIDADE,ABALROAMENTO LONGITUDINAL,,1.0,1.0,,,,,,,,0.0,,,Bom,Não existe,Perfeito estado,Seca,Perfeito estado,,,,Única,Faixa seccionada,,
2020-10-24,01:39:00,COM VÍTIMA,CANCELADA,SAN MARTIN,RUA DUARTE FILHO,,,PROX A LOMBADA DA GENERAL SAN MARTIN,SAN MARTIN,,,COLISÃO,,1.0,1.0,,,,,,,,1.0,,,,,,,,,,,,,,
2020-10-24,11:07:00,COM VÍTIMA,FINALIZADA,MADALENA,RUA CARLOS GOMES,125,RUA GOMES TABORDA,EM FRENTE AO EDIFICIO JOAQUIM BANDEIRA,MADALENA,348.0,CIDADE,ABALROAMENTO LONGITUDINAL,COLISÃO COM VITIMA A ESPERA DO SAMU,1.0,1.0,,,,,,,,1.0,,Longo da via,Bom,Sem defeito,Perfeito estado,Seca,Perfeito estado,Não existe,R-6a,,Dupla,Faixa seccionada,,
2020-10-24,12:09:00,COM VÍTIMA,CANCELADA,BOA VIAGEM,AV ENGENHEIRO DOMINGOS FERREIRA,,,E/F AO BIG BOMPREÇO S/T PIEDADE,BOA VIAGEM,,,COLISÃO,COLISAO ENTRE ONIBUS E AUTO COM UMA VITIMA,1.0,1.0,,,,,,,,1.0,,,,,,,,,,,,,,
2020-10-24,12:13:00,COM VÍTIMA,FINALIZADA,CAMPINA DO BARRETO,AV POETA VINICIUS DE MORAIS,32,,SENTIDO CAMPO GRANDE /LADO OPOSTO A ASSEMBLEIA DE DEUS,CAMPINA DO BARRETO,,SUBURBIO,ATROPELAMENTO,COM VÍTIMA,,1.0,,,1.0,,,,,2.0,,Longo da via,Bom,Não existe,Perfeito estado,Seca,Perfeito estado,Não existe,Não há placas,,Dupla,Faixa seccionada,,
2020-10-24,13:06:00,COM VÍTIMA,FINALIZADA,SANTO AMARO,AV NORTE,,,COLISAO SOBRE O VIADUTO PRESIDENTE MÉDICI.,SANTO AMARO,,CIDADE,COLISÃO TRASEIRA,VT 13 NO LOCAL,,1.0,,,,1.0,,,,1.0,,Viaduto,Bom,Não existe,Perfeito estado,Seca,Perfeito estado,Não existe,Não há placas,,Dupla,Faixa seccionada,,
2020-10-24,14:49:00,COM VÍTIMA,FINALIZADA,PRADO,AV ENGENHEIRO ABDIAS DE CARVALHO,289,RUA JOAO IVO DA SILVA,HABIB'S.,PRADO,132.0,,ABALROAMENTO LONGITUDINAL,INFORMAÇÕES COLHIDAS NO LOCAL PELOS AGENTES - QUE O OUTRO VEÍCULO EVADIU-SE.,,1.0,,,,,,,,1.0,,Longo da via,Bom,Sem defeito,Perfeito estado,Seca,Perfeito estado,Faixa de pedestre,Outras,,Dupla,Faixa contínua,Faixa seccionada,Canteiro central
2020-10-24,16:29:00,COM VÍTIMA,FINALIZADA,ESPINHEIRO,AV GOVERNADOR AGAMENON MAGALHAES,,RUA BUENOS AYRES,EM FRENTE AO BANCO DO NORDESTE,ESPINHEIRO,78.0,,COLISÃO TRASEIRA,COLISÃO COM VÍTIMA,3.0,,,,,,,,,2.0,,Longo da via,Bom,Sem defeito,Perfeito estado,Seca,Perfeito estado,Faixa de retenção,,,Dupla,Outros,,
2020-10-24,17:17:00,COM VÍTIMA,FINALIZADA,ENGENHO DO MEIO,RUA ANTONIO CURADO,,AV MUCIO UCHOA CAVALCANTE,EM FRENTE AO BOM PASTOR,ENGENHO DO MEIO,,,ABALROAMENTO LONGITUDINAL,COLISÃO COM VÍTIMA,1.0,1.0,,,,,,,,2.0,,Cruzamento,Bom,Não existe,Ilegível,Seca,Perfeito estado,Faixa de retenção,Não há placas,40 km/h,Dupla,Faixa seccionada,,
2020-10-24,19:39:00,COM VÍTIMA,FINALIZADA,IPUTINGA,AV MAURICIO DE NASSAU,,,PROX A LOMBADA ELETRONICA,IPUTINGA,,SUBURBIO,ATROPELAMENTO,PEDESTRE X MOTO,,1.0,,,2.0,,,,,3.0,,Longo da via,Bom,Não existe,Ilegível,Seca,Mal conservada,Não existe,,,Dupla,Não existe,,
2020-10-25,08:01:00,SEM VÍTIMA,FINALIZADA,BOA VIAGEM,AVENIDA CELSO FURTADO (VIA MANGUE),,,NA ALÇA DA ESQUERDA -ANTES DO BIG BOMPREÇO,BOA VIAGEM,,SUBURBIO,CHOQUE,VEÍCULO PARADO -SINALIZADO COM O TRIANGULO E COM O AIRBAG ACIONADOS E O EIXO DIANTEIRO QUEBRADO-OCUPANDO A FAIXA DA DIREITA.SEM CONDUTOR,1.0,,,,,,,,,0.0,,,,,,,,,,,,,,
2020-10-25,10:00:00,COM VÍTIMA,FINALIZADA,TEJIPIÓ,RUA FALCAO DE LACERDA,387,RUA QUINZE DE NOVEMBRO,EM FRENTE AO CARTORIO DE TEJIPIO. LADO OPOSTO A MAXICLÍNICA MÉDICA AQUI DOUTOR.,TEJIPIÓ,285.0,SUBURBIO,ABALROAMENTO LONGITUDINAL,COM UMA VITIMA AGUARDANDO SAMU,2.0,,,,,,,,,1.0,,Longo da via,Bom,Sem defeito,Perfeito estado,Seca,Perfeito estado,Não existe,Outras,,Dupla,Faixa contínua,,
2020-10-25,12:26:00,SEM VÍTIMA,FINALIZADA,IMBIRIBEIRA,RUA JOAQUIM BANDEIRA,,AV SUL,,IMBIRIBEIRA,,,ABALROAMENTO TRANSVERSAL,COLISÃO COM SUSPEITA DE ALCOLEMIA,2.0,,,,,,,,,0.0,,Cruzamento,Bom,Não existe,Incompleta,Seca,Perfeito estado,Não existe,R-4a,,Única,Faixa seccionada,,
2020-10-27,09:00:00,COM VÍTIMA,FINALIZADA,VASCO DA GAMA,RUA VASCO DA GAMA,208,,SESI DO VASCO DA GAMA,VASCO DA GAMA,,SUBURBIO,ABALROAMENTO TRANSVERSAL,COM VÍTIMA- AUTOMÓVEL EVADIU-SE,1.0,1.0,,,,,,,,2.0,,Cruzamento,Bom,Não existe,Incompleta,Seca,Perfeito estado,Não existe,Placas Pare,30 km/h,Dupla,Não existe,,
2020-10-27,11:00:00,COM VÍTIMA,FINALIZADA,ILHA DO RETIRO,RUA SPORT CLUBE DO RECIFE,,,LADO OPOSTO AO ESTÁDIO DO SPORT.,ILHA DO RETIRO,367.0,SUBURBIO,COLISÃO TRASEIRA,COM UMA VITIMA AGUARDANDO SAMU,1.0,1.0,,,,,,,,1.0,,Longo da via,Bom,Sem defeito,Perfeito estado,Seca,Perfeito estado,Faixa de pedestre,Não há placas,,Dupla,Canteiro central,,
2020-10-27,11:00:00,COM VÍTIMA,FINALIZADA,CORDEIRO,AV CAXANGA,1417,,EM FRENTE A IGREJA DE SÃO SEBASTIÃO,CORDEIRO,,CIDADE,COLISÃO COM CICLISTA,ÔNIBUS E BICICLETA,1.0,,,1.0,,,,,,1.0,,Longo da via,Bom,Não existe,Perfeito estado,Seca,Perfeito estado,Não existe,Não há placas,60 km/h,Dupla,Canteiro central,,
2020-10-27,19:03:00,COM VÍTIMA,CANCELADA,PINA,PTE AGAMENON MAGALHAES,,,,PINA,,CIDADE,COLISÃO,,,,,,,,,,,1.0,,,,,,,,,,,,,,
2020-10-27,20:14:00,COM VÍTIMA,CANCELADA,ENCRUZILHADA,AV NORTE,,AV JOAO DE BARROS,,ENCRUZILHADA,,,COLISÃO,,,,,,,,,,,1.0,,,,,,,,,,,,,,
2020-10-27,21:47:00,COM VÍTIMA,FINALIZADA,PINA,AV BOA VIAGEM,,,PÓLO PINA,PINA,104.0,CIDADE,ATROPELAMENTO,MOTO E PEDESTRE.,,1.0,,,1.0,,,,,2.0,,Longo da via,Bom,Sem defeito,Perfeito estado,Seca,Mal iluminada,Faixa de pedestre,Outras,60 km/h,Única,Faixa contínua,,
2020-10-28,07:14:00,COM VÍTIMA,FINALIZADA,DERBY,AV GOVERNADOR AGAMENON MAGALHAES,,,EM FRENTE AO HOSPITAL MEMORIAL SÃO JOSE- SENT. BOA VIAGEM. EM FRENTE AO CERPE.,DERBY,,CIDADE,TOMBAMENTO,AUTO E MOTO C/V.,1.0,1.0,,,,,,,,1.0,,Longo da via,Bom,Não existe,Perfeito estado,Seca,Perfeito estado,Não existe,Outras,60 km/h,Dupla,Faixa contínua,Faixa seccionada,
2020-10-28,09:32:00,SEM VÍTIMA,FINALIZADA,DERBY,AV GOVERNADOR AGAMENON MAGALHAES,,RUA JOAQUIM NABUCO,AO LADO DA RESTAURAÇÃO,DERBY,,,COLISÃO,AUTO E AMBULANCIA (OFICIAL),1.0,,,,,,,1.0,,0.0,,Cruzamento,Bom,Sem defeito,Perfeito estado,Seca,Perfeito estado,Faixa de pedestre,Outras,60km/h,Única,Faixa seccionada,,
2020-10-28,12:32:00,COM VÍTIMA,FINALIZADA,IMBIRIBEIRA,RUA BARAO DE AGUA BRANCA,376,RUA DUQUE ESTRADA,EM FRENTE AO ESPETINHO DO CHEFE E A POUSADA SOL E MAR,IMBIRIBEIRA,,CIDADE,ABALROAMENTO TRANSVERSAL,COLISÃO COM VÍTIMA,2.0,,,,,,,,,1.0,,Cruzamento,Bom,Não existe,Incompleta,Seca,Perfeito estado,Não existe,Placas Pare,,Dupla,Não existe,,
2020-10-28,14:12:00,COM VÍTIMA,FINALIZADA,VASCO DA GAMA,RUA VASCO DA GAMA,95,,NA RUA DO SESI DO VASCO AO LADO DO CONSUTORIO ODONTOLOGICO DRA CAROLINA ARTEIRO.,VASCO DA GAMA,,CIDADE,COLISÃO FRONTAL,COLISAO ENTRE AUTO E MOTO COM UMA VITIMA,1.0,1.0,,,,,,,,1.0,,Longo da via,Bom,Não existe,Perfeito estado,Seca,Perfeito estado,Não existe,Outras,,Dupla,Não existe,,
2020-10-28,15:48:00,COM VÍTIMA,CANCELADA,AFOGADOS,RUA COSME VIANA,,,APOS A FIORI NO SEMAFORO 303,AFOGADOS,,,COLISÃO,COLISAO ENTRE AUTO E MOTO,1.0,1.0,,,,,,,,1.0,,,,,,,,,,,,,,
2020-10-28,16:16:00,SEM VÍTIMA,FINALIZADA,BOA VIAGEM,AV ENGENHEIRO DOMINGOS FERREIRA,,,EM FRENTE A PAMESA CERAMICA,BOA VIAGEM,,,COLISÃO,COLISÃO SEM VÍTIMA,1.0,1.0,,,,,,,,0.0,,Longo da via,Bom,Sem defeito,Perfeito estado,Seca,Perfeito estado,Faixa de pedestre,Outras,,Única,Faixa contínua,,
2020-10-28,17:30:00,COM VÍTIMA,FINALIZADA,SANTO AMARO,AV CRUZ CABUGA,,,EM FRENTE AO TACARUNA / SENTIDO OLINDA E AO POSTE B030809.,SANTO AMARO,,SUBURBIO,ATROPELAMENTO,ATROPELAMENTO COM VÍTIMA ENTRE ÔNIBUS E PEDESTRE.,,,,,1.0,1.0,,,,1.0,,Longo da via,Bom,Sem defeito,Perfeito estado,Seca,Perfeito estado,Outros,Não há placas,,Dupla,Canteiro central,,
2020-10-28,17:55:00,COM VÍTIMA,FINALIZADA,CASA AMARELA,RUA MAJOR NEREU GUERRA,236,,EM FRENTE AO COLÉGIO PADRE MACHADO,CASA AMARELA,,,CHOQUE OBJETO FIXO,MOTO ACABOU SE CHOCANDO CONTRA O POSTE. CONDUTOR VITIMADO ESTA DESACORDADO. C/V,,1.0,,,,,,,,1.0,,,,,,,,,,,,,,
2020-10-28,18:43:00,SEM VÍTIMA,CANCELADA,MADALENA,RUA DEMOSTENES DE OLINDA,,,PROX AO COLEGIO EQUIPE,MADALENA,,,COLISÃO,CAMINHAO X JEEP    OBS: VT 10 DA CTTU ESTA NO LOCAL,1.0,,,,,,1.0,,,0.0,,,,,,,,,,,,,,
2020-10-28,20:56:00,COM VÍTIMA,FINALIZADA,DERBY,RUA JENER DE SOUZA,,PRC DO DERBY,E/F A PRC DO DERBY E QUARTEL // VT 25 NO LOCAL,DERBY,40.0,CIDADE,ABALROAMENTO TRANSVERSAL,ÕNIBUS X MOTO. C/V,1.0,1.0,,,,,,,,2.0,,Cruzamento,Bom,Sem defeito,Perfeito estado,Seca,Perfeito estado,Faixa de pedestre,R-4b,50 km/h,Única,Canteiro central,,
2020-10-29,07:47:00,COM VÍTIMA,CANCELADA,TEJIPIÓ,AV DR JOSE RUFINO,2939,,E/F AO EDF. NINA MACHADO,TEJIPIÓ,,,COLISÃO,COLISÃO C/VITIMA ENTRE UM AUTO E MOTO (MOTOCICLETA NÃO SE ENCONTRA NO QTH),1.0,1.0,,,,,,,,1.0,,,,,,,,,,,,,,
2020-10-29,08:03:00,COM VÍTIMA,FINALIZADA,PORTO DA MADEIRA,AV BEBERIBE,,RUA DALVA DE OLIVEIRA,SENAI.,PORTO DA MADEIRA,575.0,SUBURBIO,ABALROAMENTO TRANSVERSAL,MOTO E AUTO,1.0,1.0,,,,,,,,1.0,,Cruzamento,Bom,Sem defeito,Perfeito estado,Seca,Perfeito estado,Faixa de pedestre,R-6a,60 km/h,Dupla,Faixa contínua,,
2020-10-29,10:55:00,COM VÍTIMA,FINALIZADA,CASA AMARELA,EST DO ARRAIAL,3480,,EM FRENTE A IGREJA HARMONIA,CASA AMARELA,,SUBURBIO,ATROPELAMENTO,MOTO E PEDESTRE.,,1.0,,,1.0,,,,,1.0,,Longo da via,Bom,Sem defeito,Perfeito estado,Seca,Perfeito estado,Não existe,Não há placas,40 km/h,Única,Faixa contínua,,
2020-10-29,12:31:00,COM VÍTIMA,FINALIZADA,BOA VISTA,AV VISCONDE DE SUASSUNA,775,RUA GOUVEIA DE BARROS,EM FRENTE A UMA GALERIA DE NUMERO 775,BOA VISTA,,SUBURBIO,ABALROAMENTO LONGITUDINAL,COLISÃO MOTO X CARRO / AGENTES NO LOCAL WELLINGTON E MADSON,1.0,1.0,,,,,,,,2.0,,Cruzamento,Bom,Não existe,Perfeito estado,Seca,Perfeito estado,Não existe,,60 km/h,,,,
2020-10-29,12:44:00,COM VÍTIMA,FINALIZADA,VÁRZEA,RUA PROFESSOR ANTONIO COELHO,,RUA EMILIANO BRAGA,PROX A CAXANGA VEICULOS,VÁRZEA,,SUBURBIO,ABALROAMENTO TRANSVERSAL,COLISAO ENTRE ONIBUS E MOTO COM VITIMA,,1.0,,,,1.0,,,,1.0,,Cruzamento,Bom,Não existe,Perfeito estado,Seca,Perfeito estado,Faixa de pedestre,R-6a,,Única,Faixa seccionada,,
2020-10-29,15:28:00,SEM VÍTIMA,CANCELADA,AREIAS,AV RECIFE,,,EM FRENTE AO GALETUS,AREIAS,,,COLISÃO,SUPOSTAMENTE COM VÍTIMA,,,,,,,,,,0.0,,,,,,,,,,,,,,
2020-10-30,07:05:00,COM VÍTIMA,FINALIZADA,IMBIRIBEIRA,AV MARECHAL MASCARENHAS DE MORAES,,,EM FRENTE AO AEROPORTO- SENT. JABOATÃO,IMBIRIBEIRA,570.0,SUBURBIO,COLISÃO TRASEIRA,MOTO E AUTO C/V,1.0,1.0,,,,,,,,1.0,,Longo da via,Bom,Sem defeito,Perfeito estado,Seca,Perfeito estado,Faixa de pedestre,R-6a,60 km/h,Dupla,Faixa contínua,Canteiro central,
2020-10-30,07:11:00,COM VÍTIMA,FINALIZADA,IMBIRIBEIRA,AV MARECHAL MASCARENHAS DE MORAES,5653,,EM FRENTE AO AEROPORTO- SENT. CIDADE. EM FRENTE A LOCALIZA HERTZ.,IMBIRIBEIRA,218.0,CIDADE,COLISÃO TRASEIRA,AUTO E MOTO C/V,1.0,1.0,,,,,,,,1.0,,Longo da via,Bom,Sem defeito,Perfeito estado,Seca,Perfeito estado,Faixa de pedestre,Não há placas,60 km/h,Dupla,Canteiro central,,
2020-10-30,08:12:00,COM VÍTIMA,CANCELADA,CAMPO GRANDE,RUA JERONIMO VILELA,581,,EM FRENTE A IGREJA DO EVANGELHO QUADRANGULAR,CAMPO GRANDE,,,COLISÃO,AUTO E MOTO C/V,1.0,1.0,,,,,,,,1.0,,,,,,,,,,,,,,
2020-10-30,09:09:00,SEM VÍTIMA,FINALIZADA,SANTO AMARO,AV CRUZ CABUGA,98,,FANIP,SANTO AMARO,,CIDADE,ABALROAMENTO LONGITUDINAL,COLISÃO COM VEICULO OFICIAL,2.0,,,,,,,,,0.0,,Longo da via,Bom,Não existe,Perfeito estado,Seca,Perfeito estado,Não existe,Outras,60 km/h,Dupla,Faixa contínua,,
2020-10-30,13:30:00,SEM VÍTIMA,CANCELADA,BOA VIAGEM,RUA SETUBAL,1379,,E/F A CENTRAL DA OI,BOA VIAGEM,,,COLISÃO,COLISO ENTRE AUTO E MOTO SEM VITIMA,1.0,1.0,,,,,,,,0.0,,,,,,,,,,,,,,
2020-10-30,22:30:00,COM VÍTIMA,CANCELADA,ENGENHO DO MEIO,AV VISCONDE DE SAO LEOPOLDO,1184,,PRÓX A EUROFINS E AO LADO DO VIADUTO DA BR 101,ENGENHO DO MEIO,,,ACID. DE PERCURSO,VEÍCULO ACABOU CAPOTANDO PELA VIA. UM DOS PASSAGEIROS FOI SOCORRIDO PELO SAMU.,1.0,,,,,,,,,1.0,,,,,,,,,,,,,,
2020-10-30,23:05:00,SEM VÍTIMA,CANCELADA,MACAXEIRA,RUA ANITA,170,,UMA RUA ANTES DO CAMPO DA UNIAO,MACAXEIRA,,,COLISÃO,DOIS AUTOS OBS: SUSPEITA DE EMBRIAGUEZ POLICIA MILITAR NO LOCAL,2.0,,,,,,,,,0.0,,,,,,,,,,,,,,
2020-10-31,01:43:00,COM VÍTIMA,FINALIZADA,MADALENA,RUA JOSE OSORIO,,AV VISCONDE DE ALBUQUERQUE,ESQUINA COM A EXTRA FARMA,MADALENA,50.0,CIDADE,ABALROAMENTO TRANSVERSAL,DOIS AUTOS (UMA VT DA PCPE) COM DUAS VITIMA PRESAS NAS FERRAGENS.,2.0,,,,,,,,,2.0,,Cruzamento,Bom,,Perfeito estado,Seca,Perfeito estado,Faixa de pedestre,,,Única,Faixa contínua,,
2020-10-31,03:06:00,COM VÍTIMA,FINALIZADA,IMBIRIBEIRA,AV MARECHAL MASCARENHAS DE MORAES,2716,RUA JALISCO,EM FRENTE AO INTER HOTEL. GERALDÃO.,IMBIRIBEIRA,290.0,SUBURBIO,ABALROAMENTO TRANSVERSAL,DOIS AUTOS COM VITIMAS NO LOCAL,2.0,,,,,,,,,3.0,,Cruzamento,Bom,Sem defeito,Perfeito estado,Seca,Perfeito estado,Não existe,Não há placas,,Dupla,Canteiro central,,
2020-10-31,12:53:00,SEM VÍTIMA,FINALIZADA,CAMPO GRANDE,AV GOVERNADOR AGAMENON MAGALHAES,,RUA ODORICO MENDES,LADO OPOSTO AO IC,CAMPO GRANDE,,SUBURBIO,ABALROAMENTO TRANSVERSAL,COLISAO DE DOIS AUTOS S/ VITIMAS ( VEICULO OFICIAL DA MARINHA),2.0,,,,,,,,,0.0,,Cruzamento,Bom,Sem defeito,Perfeito estado,Seca,Perfeito estado,Faixa de retenção,Placas Dê a preferência,,Dupla,Faixa contínua,,
2020-10-31,13:02:00,COM VÍTIMA,FINALIZADA,SÃO JOSÉ,AV SUL,,AV DANTAS BARRETO,E/F A PRAÇA SÉRGIO LORETO,SÃO JOSÉ,311.0,CIDADE,COLISÃO FRONTAL,COLISÃO C/VITIMA ENTRE UM AUTO E UMA MOTO,1.0,1.0,,,,,,,,1.0,,Cruzamento,Bom,Sem defeito,Perfeito estado,Seca,Perfeito estado,Faixa de retenção,Outras,,Dupla,Faixa seccionada,Canteiro central,
2020-10-31,15:37:00,COM VÍTIMA,FINALIZADA,SANTO AMARO,RUA DOS PALMARES,,RUA TREZE DE MAIO,NO CRUZAMENTO MESMO,SANTO AMARO,30.0,SUBURBIO,ABALROAMENTO TRANSVERSAL,COLISAO ENTRE AUTO E MOTO COM VITIMAS,1.0,1.0,,,,,,,,1.0,,Cruzamento,Bom,Sem defeito,Perfeito estado,Seca,Perfeito estado,Faixa de pedestre,Não há placas,,Dupla,Faixa contínua,,
2020-10-31,17:33:00,COM VÍTIMA,FINALIZADA,CORDEIRO,AV GENERAL SAN MARTIN,530,,PRÓXIMO AO CHEUS CONSTRUÇÃO.,CORDEIRO,,,ABALROAMENTO LONGITUDINAL,COM VÍTIMA - A OUTRA PARTE EVADIU-SE,,1.0,,,,,,,,1.0,,Longo da via,Bom,Não existe,Perfeito estado,Seca,Perfeito estado,Outros,R-6a,,Dupla,Faixa contínua,,
2020-10-31,18:12:00,COM VÍTIMA,FINALIZADA,CORDEIRO,AV MAURICIO DE NASSAU,35,,PRÓXIMO AO PARQUE DO CAIARA,CORDEIRO,,BR 101,COLISÃO COM CICLISTA,COLISÃO ENTRE AUTO E BICICLETA,1.0,,,1.0,,,,,,1.0,,Longo da via,Bom,Não existe,Ilegível,Seca,Perfeito estado,Não existe,Outras,40 km/h,Dupla,Faixa contínua,,
2020-11-01,20:15:00,SEM VÍTIMA,CANCELADA,TEJIPIÓ,RUA FALCAO DE LACERDA,716,,E/F A PAROQUIA NOSSA SENHORA DO ROSARIO,TEJIPIÓ,,,COLISÃO,ENTRE 2 AUTOS. S/V. UM DOS CONDUTORES APRESENTAM SINAIS DE EMBRIAGUEZ,2.0,,,,,,,,,0.0,,,,,,,,,,,,,,
2020-11-01,22:56:00,COM VÍTIMA,FINALIZADA,CAMPINA DO BARRETO,RUA CORONEL URBANO RIBEIRO DE SENA,548,,AO LADO DO CALDINHO CALDELHO,CAMPINA DO BARRETO,,SUBURBIO,ATROPELAMENTO,MOTOCICLISTA ATROPELOU UMA CRIANÇA E SEU PAI. AMBAS AGUARDAM A PRESENÇA DO SAMU. O MESMO APRESENTA SINAIS DE EMBRIAGUEZ. C/V,,1.0,,,2.0,,,,,2.0,,Longo da via,Bom,Não existe,Perfeito estado,Seca,Perfeito estado,Não existe,Não há placas,,Dupla,Faixa seccionada,,
2020-11-02,00:03:00,COM VÍTIMA,FINALIZADA,CABANGA,RUA CAPITAO TEMUDO,56,,PROXIMO A LOMBADO ELETRONICA. COMUNIDADE CATÓLICA FILHOS DA MISERICÓRDIA.,CABANGA,,SUBURBIO,ATROPELAMENTO ANIMAL,ATROPELAMENTO COM ANIMAL,2.0,,,,,,,,1.0,1.0,,Viaduto,Bom,Não existe,Perfeito estado,Seca,Perfeito estado,,Não há placas,60 km/h,Dupla,Outros,,
2020-11-02,00:12:00,COM VÍTIMA,FINALIZADA,IBURA,AV DOIS RIOS,-8.1193662- -34.9430123,,SOB O VIATUDO DA BR 101.,IBURA,,CIDADE,COLISÃO FRONTAL,COLISÃO DOIS AUTOS,2.0,,,,,,,,,2.0,,Longo da via,Bom,Não existe,Perfeito estado,Seca,Perfeito estado,Não existe,R-6a,,Dupla,Faixa contínua,,
2020-11-02,00:52:00,SEM VÍTIMA,CANCELADA,TORRE,RUA CONDE DE IRAJA,,,EM FRENTE A IGREJA DA TORRE,TORRE,,,COLISÃO,ENTRE 2 AUTOS. S/V. UM DOS CONDUTORES APRESENTAM SINAIS DE EMBRIAGUEZ,2.0,,,,,,,,,0.0,,,,,,,,,,,,,,
2020-11-02,03:31:00,COM VÍTIMA,FINALIZADA,TORRE,RUA SOUZA BANDEIRA,,RUA MARQUES DE MARICA,SEMAFORO 317,TORRE,317.0,SUBURBIO,ABALROAMENTO TRANSVERSAL,VT POLICIA MOTO,,1.0,,,,,,1.0,,1.0,,Cruzamento,Bom,Sem defeito,Perfeito estado,Seca,Perfeito estado,Não existe,Não há placas,,Dupla,Faixa seccionada,,
2020-11-02,08:40:00,COM VÍTIMA,FINALIZADA,IPSEP,RUA JEAN EMILE FAVRE,1322,,EM FRENTE AO SUPERMERCADO NOVA IGUAÇU,IPSEP,,,COLISÃO,MOTO E AUTO,1.0,1.0,,,,,,,,2.0,,,,,,,,,,,,,,
2020-11-02,16:30:00,COM VÍTIMA,FINALIZADA,DOIS UNIDOS,AV HILDEBRANDO DE VASCONCELOS,24,,ACADEMIA/SEM NOME... TERMINAL DE DOIS UNIDOS. ARMAZÉM DO NEGO.,DOIS UNIDOS,,SUBURBIO,ABALROAMENTO LONGITUDINAL,COM VITIMA AGUARDANDO O SAMU / OBS: FAMILIARES E AMIGOS RECOLHERAM A MOTO. MOTORISTA INFORMA QUE: NÃO SABE PARA ONDE LEVARAM.,,1.0,,,,1.0,,,,1.0,,Longo da via,Bom,Não existe,Perfeito estado,Seca,Perfeito estado,Não existe,Não há placas,,Dupla,Faixa seccionada,,
2020-11-02,17:13:00,COM VÍTIMA,FINALIZADA,TEJIPIÓ,AV LIBERDADE,-8.0821981- -34.9599935,,EM FRENTE DO CEMITERIO PARQUE DAS FLORES,TEJIPIÓ,,SUBURBIO,ABALROAMENTO LONGITUDINAL,COM VITIMA ESTA AGUARDANDO ATENDIMENTO DO SAMU,1.0,1.0,,,,,,,,1.0,,Longo da via,Bom,Não existe,Incompleta,Seca,Perfeito estado,Não existe,Não há placas,30 km/h,Dupla,Faixa contínua,,
2020-11-02,18:00:00,COM VÍTIMA,FINALIZADA,DERBY,RUA DR SEVERINO PINHEIRO,-8.0576556--34.9009656,,NA PRAÇA DO DERBY MESMO. QUARTEL DO DERBY.,DERBY,,SUBURBIO,CHOQUE OBJETO FIXO,CHOQUE MOTO NO CANTEIRO,,1.0,,,,,,,,1.0,,Longo da via,Bom,Sem defeito,Perfeito estado,Seca,Perfeito estado,Faixa de pedestre,R-6a,,Única,Canteiro central,,