data,hora,natureza_acidente,situacao,bairro,endereco,numero,detalhe_endereco_acidente,complemento,bairro_cruzamento,num_semaforo,sentido_via,tipo,descricao,auto,moto,ciclom,ciclista,pedestre,onibus,caminhao,viatura,outros,vitimas,vitimasfatais,acidente_verificado,tempo_clima,situacao_semaforo,sinalizacao,condicao_via,conservacao_via,ponto_controle,situacao_placa,velocidade_max_via,mao_direcao,divisao_via1,divisao_via2,divisao_via3
2020-11-15,11:58:00,COM VÍTIMA,CANCELADA,JORDÃO,AV MARIA IRENE,1542,,EM FRENTE AO CONDOMINIO JAIME RAMALHO E UPINHA,JORDÃO,,,COLISÃO,AUTO E MOTO,1.0,1.0,,,,,,,,1.0,,,,,,,,,,,,,,
2020-11-15,12:40:00,COM VÍTIMA,FINALIZADA,CAMPO GRANDE,EST DE BELEM,65,,LADO OPOSTO DO BANCO ITAU. EM FRENTE A IGREJA BATISTA.,CAMPO GRANDE,,CIDADE,COLISÃO COM CICLISTA,COLISÃO COM VÍTIMA,1.0,,,1.0,,,,,,1.0,,Longo da via,Bom,Não existe,Não existente,Seca,Perfeito estado,Não existe,Não há placas,,Dupla,Faixa contínua,,
2020-11-15,12:49:00,COM VÍTIMA,FINALIZADA,SANTO AMARO,AV CRUZ CABUGA,212,,LADO OPOSTO A ASSEMBLÉIA DE DEUS.,SANTO AMARO,,SUBURBIO,ABALROAMENTO TRANSVERSAL,COLISÃO COM VITIMA,1.0,1.0,,,,,,,,1.0,,Longo da via,Bom,Não existe,Perfeito estado,Seca,Perfeito estado,Não existe,Não há placas,40 km/h,Dupla,Faixa contínua,,
2020-11-15,13:18:00,COM VÍTIMA,FINALIZADA,PINA,AV ENGENHEIRO DOMINGOS FERREIRA,40,RUA BARREIROS,LADO OPOSTO AO ARMAZÉM BEIRA MAR,PINA,,SUBURBIO,ABALROAMENTO LONGITUDINAL,COLISÃO COM VITIMA,1.0,1.0,,,,,,,,1.0,,Longo da via,Bom,Não existe,Perfeito estado,Seca,Perfeito estado,Não existe,Não há placas,60 km/h,Única,Faixa contínua,,
2020-11-16,01:32:00,COM VÍTIMA,FINALIZADA,AFOGADOS,RUA VINTE E UM DE ABRIL,66,RUA VISCONDE DE PELOTAS,APOS O EROS,AFOGADOS,334.0,,ABALROAMENTO TRANSVERSAL,COLISÃO AUTO E MOTO- COM UMA VITIMA. BICICLETA TAMBÉM ENVOLVIDA- SEM MUITAS INFORMAÇÕES (SEGUNDO O BOLETIM FÍSICO).,1.0,1.0,,1.0,,,,,,1.0,,Cruzamento,Bom,Intermitente,Incompleta,Seca,Perfeito estado,Outros,R-6a,,Única,Faixa,,
2020-11-16,08:26:00,SEM VÍTIMA,FINALIZADA,FUNDÃO,AV BEBERIBE,2995,,EM FRENTE A ASSEMBLEIA DE DEUS DO FUNDÃO,FUNDÃO,,,COLISÃO,COM UMA VITIMA AGUARDANDO SOCORRO,,1.0,,,,1.0,,,,0.0,,,,,,,,,,,,,,
2020-11-16,09:44:00,COM VÍTIMA,FINALIZADA,ARRUDA,RUA MEM DE SA,254,RUA PROFESSOR JERONIMO GUEIROS,RUA DA COCA COLA,ARRUDA,495.0,CIDADE,ABALROAMENTO TRANSVERSAL,MOTO E AUTO PASSEIO / VT 09 NO QTH GM RICARDO,1.0,1.0,,,,,,,,1.0,,Cruzamento,Bom,Sem defeito,Incompleta,Seca,Perfeito estado,Não existe,Não há placas,,Dupla,Não existe,,
2020-11-16,11:58:00,COM VÍTIMA,FINALIZADA,BARRO,AV DR JOSE RUFINO,2881,,SOBRE O VIADUTO.,BARRO,,CIDADE,ABALROAMENTO LONGITUDINAL,COM DUAS VITIMAS AGUARDANDO SOCORRO,1.0,1.0,,,,,,,,2.0,,Longo da via,Bom,Não existe,Ilegível,Seca,Perfeito estado,Não existe,Não há placas,,Dupla,Não existe,,
2020-11-16,13:29:00,COM VÍTIMA,FINALIZADA,ESTÂNCIA,AV DR JOSE RUFINO,401,RUA ANTONIO FIGUEIREDO,PRÓXIMO AO COLEGIO DECISAO,ESTÂNCIA,,CIDADE,ABALROAMENTO TRANSVERSAL,COLISAO ENTRE AUTO E MOTO,1.0,1.0,,,,,,,,1.0,,Longo da via,Bom,Sem defeito,Perfeito estado,Seca,Perfeito estado,Outros,R-6a,60 km/h,Dupla,Faixa contínua,,
2020-11-16,15:35:00,COM VÍTIMA,FINALIZADA,IPUTINGA,AV MAURICIO DE NASSAU,402,RUA ITAPIRANGA,NA ENTRADA DO TERMINAL MONSENHOR FABRÍCIO.,IPUTINGA,,CIDADE,ABALROAMENTO LONGITUDINAL,COLISÃO ENTRE AUTO E MOTO,1.0,1.0,,,,,,,,2.0,,Longo da via,Bom,Não existe,Perfeito estado,Seca,Perfeito estado,Outros,Outras,40 km/h,Dupla,Não existe,,
2020-11-16,15:42:00,COM VÍTIMA,FINALIZADA,ILHA DO RETIRO,EST DOS REMEDIOS,,RUA TABAIARES,PROX CONCESSIONÁRIA HYUNDAI,ILHA DO RETIRO,390.0,CIDADE,ABALROAMENTO LONGITUDINAL,COLISAO ENTRE AUTO E MOTO COM VITIMAS,1.0,1.0,,,,,,,,1.0,,Longo da via,Bom,Sem defeito,Perfeito estado,Seca,Perfeito estado,Faixa de retenção,Não há placas,,Única,Faixa contínua,,
2020-11-16,16:24:00,VÍTIMA FATAL,FINALIZADA,GRAÇAS,AV RUI BARBOSA,,RUA AMELIA,SOB O SEMÁFORO DE Nº 048,GRAÇAS,48.0,CIDADE,ABALROAMENTO TRANSVERSAL,AMBULÂNCIA E MOTOCICLETA. APÓS A COLISÃO- UMA MOTOCICLETA QUE ESTAVA ESTACIONADA NAS PROXIMIDADES TAMBÉM FOI ATINGIDA.,1.0,2.0,,,,,,,,1.0,1.0,Cruzamento,Bom,Sem defeito,Perfeito estado,Seca,Perfeito estado,Faixa de pedestre,,60 km/h,Única,,,
2020-11-16,17:02:00,COM VÍTIMA,CANCELADA,AFOGADOS,RUA VINTE E UM DE ABRIL,,,PRÓXIMO AO CAFÉ PETINHO,AFOGADOS,,,COLISÃO,HONDA CG 160 X NISSAN KICKS,1.0,1.0,,,,,,,,1.0,,,,,,,,,,,,,,
2020-11-16,17:36:00,COM VÍTIMA,FINALIZADA,BOA VIAGEM,AV BOA VIAGEM,,,EM FRENTE A PRACINHA DE BOA VIAGEM,BOA VIAGEM,4.0,CIDADE,ATROPELAMENTO,VITIMA NO LOCAL,1.0,,,,1.0,,,,,1.0,,Longo da via,Bom,Sem defeito,Perfeito estado,Seca,Perfeito estado,Faixa de pedestre,Não há placas,,Única,Faixa seccionada,,
2020-11-16,19:08:00,COM VÍTIMA,CANCELADA,CASA AMARELA,RUA PADRE LEMOS,197,,EM FRENTE A MAGAZINE LUIZA- AO LADO DO CENTRO COMERCIAL DE CASA AMARELA,CASA AMARELA,,,COLISÃO,COLISÃO ENTRE AUTO E MOTO- COM VITIMA,1.0,1.0,,,,,,,,1.0,,,,,,,,,,,,,,
2020-11-16,19:47:00,COM VÍTIMA,FINALIZADA,ARRUDA,EST VELHA DE AGUA FRIA,,AV PROFESSOR JOSE DOS ANJOS,,ARRUDA,306.0,SUBURBIO,COLISÃO TRASEIRA,COLISÃO ENTRE AUTO E MOTO COM VÍTIMA- VT-28 ESTÁ NO LOCAL,1.0,1.0,,,,,,,,1.0,,Cruzamento,Bom,Sem defeito,Perfeito estado,Seca,Perfeito estado,Faixa de pedestre,Não há placas,,Única,Faixa contínua,,
2020-11-16,23:11:00,SEM VÍTIMA,FINALIZADA,DOIS UNIDOS,AV HILDEBRANDO DE VASCONCELOS,,,PRÓXIMO AO ARMAZÉM DO NEGO- APÓS O CANIL- SENTIDO TERMINAL,DOIS UNIDOS,,,COLISÃO,COLISÃO EM VEÍCULO OFICIAL,,1.0,,,,,,1.0,,0.0,,Longo da via,Bom,Não existe,Não existente,Seca,Perfeito estado,Não existe,,,Dupla,Não existe,,
2020-11-17,06:53:00,COM VÍTIMA,FINALIZADA,PINA,AV BRASILIA FORMOSA,8,,E/F AO BAR DO PEIXE,PINA,,,ATROPELAMENTO,ATROPELAMENTO,,1.0,,,1.0,,,,,1.0,,Longo da via,Bom,Não existe,Perfeito estado,Seca,Perfeito estado,Não existe,Não há placas,,Dupla,Faixa seccionada,,
2020-11-17,07:50:00,COM VÍTIMA,FINALIZADA,ARRUDA,AV BEBERIBE,,,E/F AO CERPE E AO CAMPO DO ARRUDA.,ARRUDA,,CIDADE,COLISÃO COM CICLISTA,COLISÃO C/CICLISTA E MOTO,,1.0,,1.0,,,,,,1.0,,Longo da via,Bom,Sem defeito,Perfeito estado,Seca,Perfeito estado,Não existe,Outras,,Dupla,Faixa contínua,,
2020-11-17,08:08:00,COM VÍTIMA,FINALIZADA,PINA,AV ENGENHEIRO DOMINGOS FERREIRA,50,,EM FRENTE AO POSTO DE GASOLINA PETRONAC E ARMAZÉM BEIRA MAR.,PINA,,SUBURBIO,COLISÃO COM CICLISTA,VITIMA  SOCORRIDA PELO SAMU - COLISÃO ENTRE ÔNIBUS E BICICLETA.,,,,1.0,,1.0,,,,1.0,,Longo da via,Bom,Não existe,Perfeito estado,Seca,Perfeito estado,Outros,Não há placas,,Única,Faixa seccionada,,
2020-11-17,08:14:00,COM VÍTIMA,FINALIZADA,CORDEIRO,AV CAXANGA,,RUA GASPAR PEREZ,EM FRENTE A FACULDADE IMACULADA CONCEIÇAO,CORDEIRO,,CIDADE,ABALROAMENTO LONGITUDINAL,AUTO E MOTO,1.0,1.0,,,,,,,,1.0,,Longo da via,Bom,Sem defeito,Perfeito estado,Seca,Perfeito estado,,Placas Pare,,Dupla,Faixa seccionada,Canteiro central,
2020-11-17,09:01:00,COM VÍTIMA,FINALIZADA,SANTO AMARO,RUA ODORICO MENDES,625,,EM FRENTE  A EMPRESA SEAB,SANTO AMARO,,CIDADE,ABALROAMENTO TRANSVERSAL,COLISÃO COM VITIMAS,1.0,1.0,,,,,,,,2.0,,Longo da via,Bom,Não existe,Perfeito estado,Seca,Perfeito estado,Não existe,Não há placas,40 km/h,Dupla,Faixa contínua,,
2020-11-17,11:10:00,COM VÍTIMA,FINALIZADA,PAISSANDU,RUA PAISSANDU,601,,EM FRENTE AO COLEGIO GGE E AO BANCO BRADESCO,PAISSANDU,,CIDADE,ATROPELAMENTO,VITIMAS  A ESPERA DO SAMU,,1.0,,,1.0,,,,,2.0,,Longo da via,Bom,Não existe,Perfeito estado,Seca,Perfeito estado,Outros,Outras,,Dupla,Canteiro central,,
2020-11-17,11:43:00,COM VÍTIMA,FINALIZADA,TORREÃO,RUA DOM JOAO COSTA,211,RUA FREI MIGUELINHO,PROX. A PRAÇA DO TORREÃO E RESTAURANTE ARVO.,TORREÃO,,CIDADE,ABALROAMENTO TRANSVERSAL,AUTO E MOTO,1.0,1.0,,,,,,,,1.0,,Cruzamento,Bom,Não existe,Perfeito estado,Seca,Perfeito estado,,Placas Pare,,Dupla,Não existe,,
2020-11-17,14:51:00,COM VÍTIMA,FINALIZADA,SÃO JOSÉ,AV MARTINS DE BARROS,451,,E/F AO MINISTERIO PUBLICO DE PERNAMBUCO.,SÃO JOSÉ,,SUBURBIO,ABALROAMENTO LONGITUDINAL,COLISAO ENTRE AUTO E MOTO BATEDORES DA MOTO 37 E 21 NO LOCAL,1.0,1.0,,,,,,,,1.0,,Longo da via,Bom,Sem defeito,Perfeito estado,Seca,Perfeito estado,Não existe,R-6a,,Única,Não existe,,
2020-11-17,16:29:00,SEM VÍTIMA,CANCELADA,SANTO AMARO,AV DR JAYME DA FONTE,,0,,SANTO AMARO,,,CHOQUE,COLISÃO SEGUIDA DE CHOQUE- INFORMAÇÃO DE CONDUTOR COM SINAIS DE EMBRIAGUEZ,1.0,,,,,,,,,0.0,,,,,,,,,,,,,,
2020-11-17,16:45:00,COM VÍTIMA,FINALIZADA,MADALENA,AV CAXANGA,522,,EM FRENTE AO NUCLEO DE SAUDE/ SENTIDO CIDADE. AO LADO DO COMPAZ DA CAXANGÁ.,MADALENA,,CIDADE,ATROPELAMENTO,ATROPELAMENTO COM VÍTIMA,,,,,1.0,1.0,,,,1.0,,Longo da via,Bom,Sem defeito,Perfeito estado,Seca,Perfeito estado,,Não há placas,,Única,Faixa seccionada,Canteiro central,
2020-11-17,17:05:00,SEM VÍTIMA,CANCELADA,CAXANGÁ,AV CAXANGA,,AV INACIO MONTEIRO,E/F A DROGASIL S/T SUB,CAXANGÁ,,,COLISÃO,COLISAO ENTRE DOIS AUTO E UMA MOTO UM DOS CONDUTORES ESTA COM SINTOMAS DE EMBRIAGUEZ,2.0,1.0,,,,,,,,0.0,,,,,,,,,,,,,,
2020-11-17,17:13:00,COM VÍTIMA,FINALIZADA,IPSEP,AV RECIFE,,RUA JEAN EMILE FAVRE,NA ENTRADA DO IPSEP´E/F A PADARIA VILA DO PAO S/T BOA VIAGEM,IPSEP,130.0,BOA VIAGEM,COLISÃO TRASEIRA,COLISAO ENTRE AUTO E MOTO COM UMA VITIMA,1.0,1.0,,,,,,,,1.0,,Longo da via,Bom,Sem defeito,Perfeito estado,Seca,Perfeito estado,Faixa de pedestre,Outras,,Dupla,Canteiro central,,
2020-11-17,17:21:00,COM VÍTIMA,EQUIPE EM DESLOCAMENTO,VÁRZEA,AV CAXANGA,,,LADO OPOSTO A UPA E PROXIMO AO PADRE CICERO,VÁRZEA,,CIDADE,COLISÃO,COLISÃO COM VÍTIMA,4.0,,,,,,,,,1.0,,,,,,,,,,,,,,
2020-11-17,17:18:00,COM VÍTIMA,FINALIZADA,BOA VIAGEM,RUA COPACABANA,,RUA CAMBOIM,NO TERMINAL DO ÔNIBUS DE SETUBAL,BOA VIAGEM,,SUBURBIO,ABALROAMENTO TRANSVERSAL,COLISAO ENTRE AUTO E MOTO COM UMA VITIMA VT 29 NO LOCAL,1.0,1.0,,,,,,,,1.0,,Cruzamento,Bom,Não existe,Perfeito estado,Seca,Perfeito estado,Não existe,Placas Pare,30 km/h,Dupla,Faixa seccionada,,
2020-11-17,18:47:00,COM VÍTIMA,FINALIZADA,SANTO AMARO,AV CRUZ CABUGA,,,EM FRENTE AO HOSPITAL NAVAL DO RECIFE. POSTE B030148.,SANTO AMARO,,CIDADE,COLISÃO COM CICLISTA,COM VITIMA,,1.0,,1.0,,,,,,1.0,,Longo da via,Bom,Sem defeito,Perfeito estado,Seca,Perfeito estado,Não existe,Outras,,Dupla,Faixa contínua,,
2020-11-18,06:37:00,SEM VÍTIMA,FINALIZADA,SÃO JOSÉ,TRV DO RAPOSO,3 B,PTE JOAQUIM CARDOSO,NA ENTRADA DA FAVELA DO PAPELÃO,SÃO JOSÉ,,IMIP,COLISÃO,SEM VITIMA/VEÍCULO OFICIAL DE VERTENTE LERIO,1.0,,,,,,,1.0,,0.0,,Longo da via,Bom,Não existe,Não existente,Seca,Mal conservada,Não existe,Não há placas,N/I,Dupla,Blocos,,
2020-11-18,08:00:00,SEM VÍTIMA,FINALIZADA,ESPINHEIRO,RUA QUARENTA E OITO,,,EM FRENTE AO Nº 462,ESPINHEIRO,,CIDADE,COLISÃO TRASEIRA,COLISÃO SEM VITIMAS-COM VIATURA DO SAMU,,1.0,,,,,,1.0,,0.0,,Longo da via,Bom,Sem defeito,Perfeito estado,Seca,Perfeito estado,,Não há placas,,Única,Faixa contínua,,
2020-11-18,08:24:00,COM VÍTIMA,FINALIZADA,BOA VIAGEM,RUA FRANCISCO DA CUNHA,654,RUA PADRE BERNADINO PESSOA,EM FRENTE AO MERCADINHO SINAS,BOA VIAGEM,,CIDADE,ABALROAMENTO TRANSVERSAL,COM UMA VITIMA AGUARDANDO SOCORRO,2.0,,,,,,,,,1.0,,Cruzamento,Bom,Não existe,Perfeito estado,Seca,Perfeito estado,Não existe,Placas Pare,,Única,Não existe,,
2020-11-18,08:31:00,COM VÍTIMA,FINALIZADA,SANTO AMARO,RUA DO POMBAL,,RUA FREI CASSIMIRO,,SANTO AMARO,,SUBURBIO,ABALROAMENTO TRANSVERSAL,BATEDOR MOTA NO QTH DOIS AUTOS,2.0,,,,,,,,,1.0,,Cruzamento,Bom,Não existe,Perfeito estado,Seca,Perfeito estado,Faixa de retenção,Placas Pare,30 km/h,Única,Canteiro central,,
2020-11-18,08:40:00,COM VÍTIMA,FINALIZADA,BOA VIAGEM,RUA BARAO DE SOUZA LEAO,,AV DOM JOAO VI,EM FRENTE AO SUPERMERCADO TREVO,BOA VIAGEM,476.0,OESTE,ABALROAMENTO LONGITUDINAL,AUTO E MOTO.,1.0,1.0,,,,,,,,1.0,,Cruzamento,Bom,Sem defeito,Incompleta,Seca,Perfeito estado,Outros,Não há placas,60 km/h,Única,Não existe,,
2020-11-18,09:31:00,COM VÍTIMA,FINALIZADA,MORRO DA CONCEIÇÃO,RUA DOIS DE FEVEREIRO,146,,EM FRENTE AO DEPOSITO DE AGUA,MORRO DA CONCEIÇÃO,,SUBURBIO,ABALROAMENTO LONGITUDINAL,AUTO E MOTO.,1.0,1.0,,,,,,,,1.0,,Longo da via,Bom,Não existe,Não existente,Seca,Perfeito estado,Não existe,Não há placas,,Dupla,Não existe,,
2020-11-18,12:00:00,COM VÍTIMA,FINALIZADA,BOA VIAGEM,AV ENGENHEIRO DOMINGOS FERREIRA,2742,,EM FRENTE A LOJA AREZZO. CERVEJA E TUDO.,BOA VIAGEM,,SUBURBIO,COLISÃO TRASEIRA,COM UMA VITIMA- BOMBEIROS NO LOCAL.,1.0,1.0,,,,,,,,1.0,,Longo da via,Bom,Não existe,Perfeito estado,Seca,Perfeito estado,Não existe,Não há placas,,Única,Faixa seccionada,,
2020-11-18,12:41:00,COM VÍTIMA,FINALIZADA,AREIAS,AV RECIFE,,,LADO OPOSTO AO BIG BOMPREÇO,AREIAS,618.0,BR-101,ABALROAMENTO LONGITUDINAL,COLISAO ENTRE MOTO E AUTO COM VITIMAS,1.0,1.0,,,,,,,,2.0,,Longo da via,Bom,Sem defeito,Incompleta,Seca,Perfeito estado,Não existe,Não há placas,,Única,Faixa contínua,,
2020-11-18,16:56:00,COM VÍTIMA,FINALIZADA,VÁRZEA,AV CAXANGA,,,EM FRENTE A INTEGRAÇÃO DA CAXANGA. DENTRO DO TI DA CAXANGÁ.,VÁRZEA,,SUBURBIO,ATROPELAMENTO,ATROPELAMENTO ENVOLVENDO ONIBUS E PEDESTRE,,,,,1.0,1.0,,,,1.0,,Outros,Bom,Não existe,Não existente,Seca,Perfeito estado,Faixa de pedestre,Não há placas,20 km/h,Única,Não existe,,
2020-11-18,19:23:00,COM VÍTIMA,FINALIZADA,JORDÃO,AV MARIA IRENE,877,,EM FRENTE AO POSTO TOTAL- EM FRENTE A JORDÃO PEÇAS E SERVIÇOS,JORDÃO,,SUBURBIO,ABALROAMENTO TRANSVERSAL,COLISÃO ENTRE AUTO E MOTO- COM VÍTIMAS,1.0,1.0,,,,,,,,1.0,,Longo da via,Bom,Não existe,Ilegível,Seca,Perfeito estado,Não existe,Não há placas,,Dupla,Faixa seccionada,,
2020-11-18,19:48:00,SEM VÍTIMA,FINALIZADA,PARNAMIRIM,EST DO ENCANAMENTO,,,EM FRENTE A PRAÇA DE PARNAMIRIM- AO LADO DA FARMACIA DROGASIL,PARNAMIRIM,358.0,,COLISÃO,COLISÃO ENTRE TRÊS AUTOS SEM VITIMAS- UMA DAS PARTES APRESENTA FORTES SINTOMAS DE EMBRIAGUEZ,3.0,,,,,,,,,0.0,,,,,,,,,,,,,,
2020-11-19,16:08:00,COM VÍTIMA,FINALIZADA,IMBIRIBEIRA,RUA ITAJAI,162,RUA PAMPULHA,EM FRENTE A CASA BRANCA RECEPÇÕES. PORTO DELICATESSEN,IMBIRIBEIRA,,,ABALROAMENTO TRANSVERSAL,COLISÃO COM VÍTIMA,1.0,1.0,,,,,,,,1.0,,Cruzamento,Bom,Não existe,Perfeito estado,Seca,Perfeito estado,Faixa de retenção,Placas Pare,,Dupla,Faixa contínua,Faixa seccionada,
2020-11-19,16:52:00,SEM VÍTIMA,FINALIZADA,CABANGA,AV ENGENHEIRO JOSE ESTELITA,,,E/F AO CATAMARAN,CABANGA,,,COLISÃO,COLISAO ENTRE A VT O FICIAL DO BOPE E CAMINHAO DE GAS,,,,,,,1.0,1.0,,0.0,,Não informado,Bom,Não existe,,Outros,Outros,Outros,Outras,N/I,Única,Outros,,
2020-11-19,17:30:00,COM VÍTIMA,FINALIZADA,AFOGADOS,RUA SAO MIGUEL,1031,,EM FRENTE A EMPRESA SENO,AFOGADOS,,CIDADE,ATROPELAMENTO,ATROPELAMENTO COM VÍTIMA,,1.0,,,1.0,,,,,1.0,,Longo da via,Bom,Não existe,Incompleta,Seca,Mal conservada,Não existe,R-6a,,Dupla,Faixa contínua,,
2020-11-19,18:39:00,COM VÍTIMA,FINALIZADA,CAMPO GRANDE,EST DE BELEM,1838,,E/F A IGREJA BATISTA. COM A RUA LUIS CORREA DE BRITO (OLINDA).,CAMPO GRANDE,,CIDADE,COLISÃO COM CICLISTA,ENTRE AUTO E CICILISTA. C/V (( SUSPEITA DE EMBRIAGUEZ O CONDUTOR DO CARRO))),1.0,,,1.0,,,,,,1.0,,Rotatória,Bom,Não existe,Perfeito estado,Seca,Perfeito estado,,R-6a,30 km/h,Única,Faixa contínua,,
2020-11-19,21:08:00,SEM VÍTIMA,FINALIZADA,VÁRZEA,AV AFONSO OLINDENSE,1764,,E/F A UPINHA,VÁRZEA,,,COLISÃO,AUTO X MOTO.. S/V,1.0,1.0,,,,,,,,0.0,,Longo da via,Bom,Não existe,Perfeito estado,Seca,Outros,Não existe,R-6c,N/I,Dupla,Faixa contínua,,
2020-11-19,23:20:00,VÍTIMA FATAL,FINALIZADA,BEBERIBE,AV BEBERIBE,4231,RUA SAPUCAIA DO SUL,SEMÁFORO 314 / APÓS A PIZZARIA DO RUSH,BEBERIBE,314.0,,COLISÃO FRONTAL,ÕNIBUS X MOTO. C/V,,1.0,,,,1.0,,,,1.0,1.0,Longo da via,Bom,Sem defeito,Perfeito estado,Seca,Mal conservada,Não existe,Não há placas,,Dupla,Faixa contínua,,
2020-11-20,01:01:00,COM VÍTIMA,FINALIZADA,BOA VIAGEM,RUA GENERAL EDSON AMANCIO RAMALHO,940,RUA FELIX DE BRITO E MELO,EM FRENTE AO BIG BOMPREÇO. EDF. GOLDEN WAY.,BOA VIAGEM,544.0,CIDADE,ABALROAMENTO TRANSVERSAL,COLISÃO DOIS AUTOS,2.0,,,,,,,,,1.0,,Cruzamento,Bom,Sem defeito,Perfeito estado,Seca,Perfeito estado,Faixa de pedestre,Outras,,Única,Faixa contínua,,
2020-11-20,07:28:00,COM VÍTIMA,FINALIZADA,BOA VIAGEM,AV ENGENHEIRO DOMINGOS FERREIRA,3360,RUA FAUSTINO PORTO,EM FRENTE A LOJA FAVORITA,BOA VIAGEM,,,ABALROAMENTO LONGITUDINAL,COM UMA VITIMA -SAMU NO LOCAL,1.0,1.0,,,,,,,,1.0,,Longo da via,Bom,Não existe,Perfeito estado,Seca,Perfeito estado,Não existe,Não há placas,,Dupla,Canteiro central,,
2020-11-20,08:18:00,VÍTIMA FATAL,FINALIZADA,DOIS IRMÃOS,RUA MANUEL DE MEDEIROS,,,PROX DA RURAL / AO LADO DO BAR DA CURVA.,DOIS IRMÃOS,,,COLISÃO FRONTAL,TRES AUTOS,3.0,,,,,,,,,,1.0,Longo da via,Bom,Não existe,Perfeito estado,Seca,Perfeito estado,Não existe,Não há placas,,Dupla,Não existe,,
2020-11-20,10:23:00,COM VÍTIMA,FINALIZADA,APIPUCOS,RUA DE APIPUCOS,430,,AO LADO DO ARCADIA DE APIPUCOS. CAMATEX.,APIPUCOS,,SUBURBIO,COLISÃO TRASEIRA,COM UMA VITIMA -SOCORRIDA PELO SAMU,1.0,1.0,,,,,,,,1.0,,Longo da via,Bom,Não existe,Perfeito estado,Seca,Perfeito estado,Não existe,Não há placas,,Dupla,Faixa contínua,,
2020-11-20,15:07:00,COM VÍTIMA,FINALIZADA,BOA VIAGEM,AV ENGENHEIRO DOMINGOS FERREIRA,348,,PROX AO ARMAZEM BEIRA MAR. LADO OPOSTO AO NÚMERO INFORMADO.,BOA VIAGEM,,SUBURBIO,ABALROAMENTO LONGITUDINAL,MOTO X CARRO / VT 23 NO LOCAL SUB INSP LUCIANO,1.0,1.0,,,,,,,,1.0,,Longo da via,Bom,Não existe,Perfeito estado,Seca,Perfeito estado,Não existe,Não há placas,,Única,Faixa contínua,,
2020-11-20,17:04:00,SEM VÍTIMA,FINALIZADA,ILHA DO LEITE,PTE JOSE DE BARROS LIMA,,,,ILHA DO LEITE,,BOA VIAGEM,COLISÃO,,,,,,,,,,,0.0,,,,,,,,,,,,,,
2020-11-20,17:16:00,COM VÍTIMA,FINALIZADA,ILHA DO RETIRO,RUA SPORT CLUBE DO RECIFE,,,EM FRENTE AO CLUBE DO SPORT SENTIDO AGAMENOM,ILHA DO RETIRO,,CIDADE,ABALROAMENTO LONGITUDINAL,COLISAO ENVOLVENDO AUTO E MOTO COM VITIMA,1.0,1.0,,,,,,,,2.0,,Longo da via,Bom,Não existe,Perfeito estado,Seca,Perfeito estado,Não existe,R-6a,,Dupla,Faixa seccionada,,
2020-11-20,18:28:00,COM VÍTIMA,FINALIZADA,CABANGA,AV SUL,,,SENTIDO CIDADE,CABANGA,260.0,CIDADE,COLISÃO COM CICLISTA,VEÍCULO NÃO IDENTIFICADO COLIDIU EM UM CICLISTA.,,,,1.0,,,,,,1.0,,Longo da via,Bom,Sem defeito,Perfeito estado,Seca,Perfeito estado,Faixa de pedestre,Não há placas,,Dupla,Canteiro central,,
2020-11-20,19:09:00,COM VÍTIMA,FINALIZADA,BONGI,EST DO BONGI,388,,PROXIMO DA DELEGACIA DO BONGI- PROXIMO DE GL REFRIGERAÇÃO AUTOMOTIVA,BONGI,,SUBURBIO,ATROPELAMENTO,ATROPELAMENTO ENVOLVENDO MOTO E PEDESTRE- C/V,,1.0,,,1.0,,,,,2.0,,Longo da via,Bom,Não existe,Perfeito estado,Seca,Perfeito estado,Não existe,Não há placas,,Única,Faixa seccionada,,
2020-11-21,13:17:00,COM VÍTIMA,FINALIZADA,BOA VIAGEM,AV ENGENHEIRO DOMINGOS FERREIRA,,RUA ALEXANDRINO MARTINS RODRIGUES,E/F AO BOMPREÇO,BOA VIAGEM,303.0,SUBURBIO,COLISÃO TRASEIRA,COLISAO ENTRE AUTO E MOTO COM UMA VITIMA VT 03 BATEDORES DA 13 E 32 NO LOCAL,1.0,1.0,,,,,,,,1.0,,Longo da via,Bom,Sem defeito,,Seca,Perfeito estado,Faixa de pedestre,Outras,,Dupla,Faixa contínua,Canteiro central,
2020-11-21,16:36:00,SEM VÍTIMA,FINALIZADA,BOA VIAGEM,AV BOA VIAGEM,6274,,,BOA VIAGEM,,CIDADE,ABALROAMENTO LONGITUDINAL,COLISÃO SEM VÍTIMA/ COM VEÍCULO OFICIAL,2.0,,,,,,,,,0.0,,Longo da via,Bom,Sem defeito,Perfeito estado,Seca,Perfeito estado,Não existe,,60 km/h,Única,Faixa contínua,Faixa seccionada,