data,hora,natureza_acidente,situacao,bairro,endereco,numero,detalhe_endereco_acidente,complemento,bairro_cruzamento,num_semaforo,sentido_via,tipo,descricao,auto,moto,ciclom,ciclista,pedestre,onibus,caminhao,viatura,outros,vitimas,vitimasfatais,acidente_verificado,tempo_clima,situacao_semaforo,sinalizacao,condicao_via,conservacao_via,ponto_controle,situacao_placa,velocidade_max_via,mao_direcao,divisao_via1,divisao_via2,divisao_via3
2020-11-29,20:14:00,COM VÍTIMA,FINALIZADA,BOA VIAGEM,RUA CORONEL ANIZIO RODRIGUES COELHO,618,RUA DES JOAO PAES,AO LADO DO NORTE SUL NEGOCIOS,BOA VIAGEM,,,ABALROAMENTO TRANSVERSAL,COLISÃO ENTRE AUTO E MOTO- COM VITIMA,1.0,1.0,,,,,,,,1.0,,Cruzamento,Bom,Não existe,Perfeito estado,Seca,Perfeito estado,Faixa de pedestre,Placas Pare,,Única,Não existe,,
2020-11-30,02:51:00,SEM VÍTIMA,FINALIZADA,BOA VIAGEM,RUA ANTONIO FALCAO,211,,EM FRENTE AO PADERÃO,BOA VIAGEM,,,CHOQUE OBJETO FIXO,POSTE CAÍDO SOBRE O VEÍCULO,1.0,,,,,,,,,0.0,,,,,,,,,,,,,,
2020-11-30,10:47:00,COM VÍTIMA,FINALIZADA,BOA VISTA,RUA MONTE CASTELO,166,,EM FRENTE AO ANEXO TRES DA CAMARA MUNICIPAL DO RECIFE.,BOA VISTA,,,ABALROAMENTO LONGITUDINAL,COM UMA VITIMA SOCORRIDA PELO SAMU,2.0,,,,,,,,,1.0,,Longo da via,Bom,Não existe,Perfeito estado,Seca,Perfeito estado,Não existe,Não há placas,,Única,,,
2020-11-30,12:12:00,COM VÍTIMA,CANCELADA,ENCRUZILHADA,AV NORTE,2760,RUA CEARA,POR TRÁS DO EXTRABOM /,ENCRUZILHADA,,,COLISÃO,COLISÃO COM VÍTIMA,1.0,1.0,,,,,,,,1.0,,,,,,,,,,,,,,
2020-11-30,12:47:00,COM VÍTIMA,FINALIZADA,PINA,AV CONSELHEIRO AGUIAR,,RUA ONDINA,EM FRENTE A VIA CAR,PINA,,CIDADE,ABALROAMENTO LONGITUDINAL,CARRO X MOTO,1.0,1.0,,,,,,,,1.0,,Cruzamento,Bom,Não existe,Incompleta,Seca,Perfeito estado,Não existe,R-6a,,Única,Faixa seccionada,,
2020-11-30,12:51:00,SEM VÍTIMA,FINALIZADA,MADALENA,AV CAXANGA,,,ESTRADA DOS REMÉDIOS,MADALENA,353.0,CIDADE,ABALROAMENTO LONGITUDINAL,COLISÃO COM VEÍCULO OFICIAL,2.0,,,,,,,,,0.0,,Cruzamento,Bom,Sem defeito,Perfeito estado,Seca,Perfeito estado,Faixa de pedestre,Não há placas,60 km/h,Dupla,Blocos,,
2020-11-30,13:30:00,COM VÍTIMA,FINALIZADA,MADALENA,RUA JOAO IVO DA SILVA,267,RUA NOBRE DE LACERDA,PROX AO POSTO PETROVIA / APOS A SAIDO DO TUNEL MADALENA,MADALENA,,CIDADE,ABALROAMENTO LONGITUDINAL,CARRO X MOTO / ORIENTADOR DE TRANSITO NO LOCAL- CLAUDIO E DAGOBERTO,1.0,1.0,,,,,,,,1.0,,Longo da via,Bom,Não existe,Perfeito estado,Seca,Perfeito estado,Não existe,Não há placas,,Única,Faixa seccionada,,
2020-11-30,14:52:00,COM VÍTIMA,FINALIZADA,IBURA,AV DOIS RIOS,106,,ANTES DA POLICLINICA ARNALDO MARQUES. PRÓXIMO A AUTO ESCOLA PILOTO.,IBURA,,CIDADE,ABALROAMENTO TRANSVERSAL,MOTO X CARRO,1.0,1.0,,,,,,,,1.0,,Longo da via,Bom,Sem defeito,Perfeito estado,Seca,Perfeito estado,,Não há placas,,Dupla,Faixa contínua,,
2020-11-30,15:00:00,SEM VÍTIMA,FINALIZADA,CASA AMARELA,RUA XAVANTES,101,RUA VISCONDE DE TAUNAY,,CASA AMARELA,,,ABALROAMENTO LONGITUDINAL,COLISÃO COM VEÍCULO OFICIAL,1.0,,,,,,1.0,,,0.0,,Longo da via,Bom,Não existe,Perfeito estado,Seca,Perfeito estado,Faixa de pedestre,Placas Pare,,,Não existe,,
2020-11-30,15:38:00,COM VÍTIMA,FINALIZADA,SOLEDADE,RUA DAS NINFAS,269,RUA DO PROGRESSO,PRÓX À UNI SÃO MIGUEL. AO LADO DA ODONTO LEITE.,SOLEDADE,,CIDADE,ABALROAMENTO TRANSVERSAL,AGUARDANDO ATENDIMENTO DO SAMU.,2.0,,,,,,,,,1.0,,Cruzamento,Bom,Não existe,Perfeito estado,Seca,Perfeito estado,Faixa de pedestre,Placas Pare,,Única,Não existe,,
2020-11-30,16:40:00,COM VÍTIMA,FINALIZADA,BREJO DE BEBERIBE,AV VEREADOR OTACILIO AZEVEDO,1015,,,BREJO DE BEBERIBE,,CIDADE,CHOQUE VEÍCULO PARADO,Auto x e auto y- SUSPEITA DE ALCOOLEMIA,2.0,,,,,,,,,1.0,,Longo da via,Bom,Não existe,Incompleta,Seca,Perfeito estado,Não existe,Não há placas,,Dupla,Faixa seccionada,,
2020-11-30,16:51:00,COM VÍTIMA,FINALIZADA,CAXANGÁ,AV CAXANGA,,,NA PONTE DA CAXANGA / PROX A UPA CAXANGA,CAXANGÁ,,SUBURBIO,ABALROAMENTO TRANSVERSAL,DUAS MOTOS.,,2.0,,,,,,,,1.0,,Longo da via,Bom,Não existe,Perfeito estado,Seca,Perfeito estado,Agente,Não há placas,,Única,Faixa seccionada,,
2020-11-30,17:28:00,COM VÍTIMA,CANCELADA,VÁRZEA,AV PROFESSOR LUIZ FREIRE,600,,AO LADO DO IFPE,VÁRZEA,,,COLISÃO,COLISÃO MOTO X MOTO,,2.0,,,,,,,,2.0,,,,,,,,,,,,,,
2020-11-30,17:47:00,COM VÍTIMA,FINALIZADA,BREJO DE BEBERIBE,RUA URIEL DE HOLANDA,1615,,PRÓX AO ARMAZÉM E SERRARIA OLIVEIRA,BREJO DE BEBERIBE,,,ABALROAMENTO LONGITUDINAL,SAMU REALIZANDO ATENDIMENTO. VT 27 NO LOCAL.,1.0,1.0,,,,,,,,2.0,,Longo da via,Bom,Não existe,Perfeito estado,Seca,Perfeito estado,Não existe,Não há placas,,Dupla,Não existe,,
2020-11-30,18:01:00,COM VÍTIMA,FINALIZADA,SÃO JOSÉ,AV SUL,1800,,PRÓXIMO AO HOTEL LUA DE MEL. AO LADO DO NÚMERO 1800,SÃO JOSÉ,,CIDADE,ABALROAMENTO TRANSVERSAL,DUAS MOTOS.,,2.0,,,,,,,,1.0,,Longo da via,Bom,Não existe,Perfeito estado,Seca,Perfeito estado,Outros,,,Dupla,Canteiro central,Blocos,
2020-11-30,19:40:00,COM VÍTIMA,FINALIZADA,CASA AMARELA,RUA CONS PERETTI,106,RUA OSCAR DE BARROS,PRÓX A CAIXA ECONÔMICA DE CASA AMARELA,CASA AMARELA,,,COLISÃO,COLISÃO ENTRE MOTO E ÔNIBUS- COM VÍTIMA,1.0,1.0,,,,,,,,1.0,,,,,,,,,,,,,,
2020-11-30,20:46:00,COM VÍTIMA,CANCELADA,BONGI,AV ENGENHEIRO ABDIAS DE CARVALHO,,,EM FRENTE A PRAÇA DA CHESF- SENTIDO BR / PROX AO YOKI,BONGI,,,ENGAVETAMENTO,ENGAVETAMENTO ENVONVENDO 4 VEÍCULOS- COM VÍTIMAS,4.0,,,,,,,,,2.0,,,,,,,,,,,,,,
2020-11-30,22:14:00,COM VÍTIMA,CANCELADA,MADALENA,AV VISCONDE DE ALBUQUERQUE,913,,EM FRENTE AO POSTO IPIRANGA // PRÓX AO HOSPITAL DE ÁVILLA,MADALENA,,,COLISÃO,COLISÃO ENTRE DOIS AUTOS- COM VÍTIMA (CONDUTOR DO CLASSIC APRESENTA SINAIS DE EMBRIAGUEZ),2.0,,,,,,,,,1.0,,,,,,,,,,,,,,
2020-12-01,08:46:00,SEM VÍTIMA,FINALIZADA,VASCO DA GAMA,AV NORTE,5956,,,VASCO DA GAMA,,,COLISÃO,COLISÃO ENTRE DOIS AUTOS,3.0,,,,,,,,,0.0,,Longo da via,Bom,Não existe,Perfeito estado,Seca,Perfeito estado,Não existe,,,Dupla,Canteiro central,,
2020-12-01,08:57:00,SEM VÍTIMA,FINALIZADA,IMBIRIBEIRA,,,,RUA DES. AGENOR FERREIRA DE LIMA/ ESCOLA MUNIC. JULIO DE OLIVEIRA,IMBIRIBEIRA,,,COLISÃO,VEICULO OFICIAL,1.0,,,,,,,1.0,,0.0,,Longo da via,Bom,Não existe,Não existente,Seca,Perfeito estado,Não existe,Não há placas,,Dupla,Não existe,,
2020-12-01,21:56:00,COM VÍTIMA,FINALIZADA,ESPINHEIRO,RUA QUARENTA E OITO,395,RUA DO ESPINHEIRO,E/F A PADARIA DO ESPINHEIRO E EDIFICIO ARAÇOYABA VILLAGE / SEMÁFORO 166,ESPINHEIRO,166.0,CIDADE,ABALROAMENTO TRANSVERSAL,DUAS MOTOS ENVOLVIDAS. C/V,,2.0,,,,,,,,2.0,,Cruzamento,Chuvoso,Sem defeito,Perfeito estado,Seca,Perfeito estado,Faixa de pedestre,R-3,30 km/h,Única,,,
2020-12-01,22:02:00,COM VÍTIMA,CANCELADA,TEJIPIÓ,AV DR JOSE RUFINO,5767,,E/F AO POSTO BR E REDES DA BATERIAS- SNT RECIFE,TEJIPIÓ,,,COLISÃO,DUAS MOTOS ENVOLVIDAS. C/V,,2.0,,,,,,,,2.0,,,,,,,,,,,,,,
2020-12-02,08:17:00,COM VÍTIMA,FINALIZADA,CASA FORTE,AV DEZESSETE DE AGOSTO,1961,,EM FRENTE AO LABORATORIO MARCELO MAGALHAES,CASA FORTE,,CIDADE,ABALROAMENTO LONGITUDINAL,AUTO E MOTO.,1.0,1.0,,,,,,,,2.0,,Longo da via,Bom,Sem defeito,Perfeito estado,Seca,Perfeito estado,Não existe,R-6a,,Dupla,Faixa contínua,,
2020-12-02,09:59:00,SEM VÍTIMA,FINALIZADA,CORDEIRO,RUA TOMAZ GONZAGA,,AV PROFESSOR ESTEVAO FRANCISCO DA COSTA,,CORDEIRO,280.0,,COLISÃO,COLISÃO COM TRÊS VEÍCULOS ENVOLVIDOS E DERRAMAMENTO DE OLEO NA PISTA,,,,,,,,,,0.0,,,,,,,,,,,,,,
2020-12-02,11:11:00,COM VÍTIMA,FINALIZADA,IMBIRIBEIRA,RUA MURITIBA,210,,RUA LATERAL AO BANCO DO BRASIL. POR TRÁS DO BANCO.,IMBIRIBEIRA,,IPSEP,ABALROAMENTO LONGITUDINAL,MOTO E AUTO,1.0,1.0,,,,,,,,1.0,,Longo da via,Bom,Não existe,Não existente,Seca,Perfeito estado,Não existe,Outras,,Dupla,Não existe,,
2020-12-02,11:31:00,COM VÍTIMA,FINALIZADA,ESTÂNCIA,AV DR JOSE RUFINO,548,,RUA DA GALERIA MARGARIDA,ESTÂNCIA,,SUBURBIO,ABALROAMENTO LONGITUDINAL,MOTO E AUTO,1.0,1.0,,,,,,,,1.0,,Longo da via,Bom,Não existe,Perfeito estado,Seca,Perfeito estado,Não existe,Não há placas,,Dupla,,,
2020-12-02,13:47:00,COM VÍTIMA,FINALIZADA,PINA,RUA DAGOBERTO PIRES,415,AV BRASILIA FORMOSA,PROX KIOSKE PALAFITA,PINA,,CIDADE,ABALROAMENTO TRANSVERSAL,COLISÃO MOTO X CARRO,1.0,1.0,,,,,,,,1.0,,Longo da via,Bom,Não existe,Perfeito estado,Seca,Perfeito estado,Não existe,Não há placas,,Dupla,Faixa seccionada,,
2020-12-02,16:00:00,SEM VÍTIMA,FINALIZADA,BOA VIAGEM,AV ENGENHEIRO DOMINGOS FERREIRA,4060,RUA RIBEIRO DE BRITO,,BOA VIAGEM,155.0,SUBURBIO,COLISÃO TRASEIRA,VEÍCULO OFICIAL,1.0,1.0,,,,,,,,0.0,,Longo da via,Bom,Sem defeito,Perfeito estado,Seca,Perfeito estado,Faixa de pedestre,,60 km/h,Única,Canteiro central,,
2020-12-02,17:43:00,COM VÍTIMA,FINALIZADA,CAMPO GRANDE,EST DE BELEM,1605A,RUA COELHO NETO,EM FRENTE A IGREJA UNIVERSAL / EM FRENTE A PRAÇA CAMPO GRANDE,CAMPO GRANDE,,OLINDA,COLISÃO TRASEIRA,COLISÃO MOTO X CARRO,1.0,1.0,,,,,,,,2.0,,Longo da via,Bom,Não existe,Perfeito estado,Seca,Perfeito estado,Outros,R-6a,,Dupla,Faixa contínua,Faixa seccionada,
2020-12-02,17:47:00,COM VÍTIMA,FINALIZADA,SANTO AMARO,RUA TUPINAMBAS,646,,,SANTO AMARO,,SUBURBIO,COLISÃO FRONTAL,COLISÃO MOTO X CARRO,1.0,1.0,,,,,,,,1.0,,Longo da via,Bom,Não existe,Perfeito estado,Seca,Perfeito estado,Não existe,Não há placas,,Dupla,Faixa seccionada,,
2020-12-02,19:51:00,SEM VÍTIMA,CANCELADA,BOA VIAGEM,AV BOA VIAGEM,4338,,APÓS O POINT DA JAMAICA- EM FRENTE AO EDIFICIO MOHANA,BOA VIAGEM,,,CHOQUE,COLISÃO ENTRE DOIS AUTOS SEM VITIMAS- APOS A COLISÃO UM DOS VEÍCULOS CHOCOU-SE NO PORTÃO DO CONDOMINIO MOHANA,2.0,,,,,,,,,0.0,,,,,,,,,,,,,,
2020-12-02,20:22:00,COM VÍTIMA,CANCELADA,CASA FORTE,AV DEZESSETE DE AGOSTO,1953,,EM FRENTE A CNA- AO LADO DO LABORATORIO MARCELO MAGALHÃES,CASA FORTE,,,COLISÃO,COLISÃO ENTRE AUTO E MOTO- C/V,1.0,1.0,,,,,,,,1.0,,,,,,,,,,,,,,
2020-12-02,21:32:00,COM VÍTIMA,FINALIZADA,ILHA JOANA BEZERRA,VIADUTO CAPITAO TEMUDO,,,EM CIMA DO VIADUTO- SENTIDO BOA VIAGEM,ILHA JOANA BEZERRA,,SUBURBIO,COLISÃO TRASEIRA,COLISÃO ENTRE AUTO E MOTO- C/V,1.0,1.0,,,,,,,,1.0,,Viaduto,Bom,Não existe,Perfeito estado,Seca,Perfeito estado,Não existe,Não há placas,,Única,Faixa seccionada,,
2020-12-02,23:00:00,COM VÍTIMA,FINALIZADA,BOA VIAGEM,RUA PADRE BERNADINO PESSOA,317,RUA FRANCISCO DA CUNHA,EM FRENTE AO MERCADINHO SINAS,BOA VIAGEM,,CIDADE,ABALROAMENTO TRANSVERSAL,COLISÃO ENTRE TRÊS AUTOS- COM VITIMA,3.0,,,,,,,,,1.0,,Cruzamento,Bom,Não existe,Perfeito estado,Seca,Perfeito estado,Não existe,Placas Pare,,Única,Não existe,,
2020-12-02,23:41:00,COM VÍTIMA,CANCELADA,MADALENA,RUA COMENDADOR BENTO AGUIAR,,,EM FRENTE AO EXTRA DA BENFICA,MADALENA,,,COLISÃO,COLISÃO ENTRE AUTO E MOTO- C/V,1.0,1.0,,,,,,,,1.0,,,,,,,,,,,,,,
2020-12-03,08:37:00,SEM VÍTIMA,FINALIZADA,IPUTINGA,AV MARIO ALVARES PEREIRA DE LYRA,,,BOM PASTOR,IPUTINGA,,,ABALROAMENTO LONGITUDINAL,SEM VITIMA COM VEICULO OFICIAL- AMBULAMNCIA,1.0,,,,,,,,1.0,0.0,,Cruzamento,Bom,Não existe,Perfeito estado,Seca,Perfeito estado,Faixa de retenção,Placas Pare,40 km/h,Única,Canteiro central,,
2020-12-03,09:13:00,COM VÍTIMA,FINALIZADA,IBURA,AV DOIS RIOS,430,,PRÓXIMO A IGREJA UNIVERSAL DOS SANTOS DOS ÚLTIMOS DIAS- SENTIDO BR,IBURA,,SUBURBIO,COLISÃO FRONTAL,DOIS AUTOS.,2.0,,,,,,,,,2.0,,Longo da via,Bom,Não existe,Perfeito estado,Seca,Perfeito estado,,R-6a,,Dupla,Faixa contínua,,
2020-12-03,10:33:00,COM VÍTIMA,CANCELADA,ENCRUZILHADA,RUA CONS PORTELA,665,,GALERIA,ENCRUZILHADA,,,COLISÃO,COM VITIMA GUARDANDO SAMU NO LOCAL,1.0,1.0,,,,,,,,2.0,,,,,,,,,,,,,,
2020-12-03,10:48:00,VÍTIMA FATAL,FINALIZADA,BOA VISTA,AV CONDE DA BOA VISTA,,RUA DA UNIAO,ESQUINA COM O ED. PESSOA DE MELO. EM FRENTE AO POSTE H038159.,BOA VISTA,,SUBURBIO,ATROPELAMENTO,ÔNIBUS E PEDESTRE,,,,,1.0,1.0,,,,,1.0,Longo da via,Bom,Não existe,Perfeito estado,Seca,Perfeito estado,Faixa de pedestre,R-6c,,Dupla,Canteiro central,,
2020-12-03,11:39:00,COM VÍTIMA,FINALIZADA,VÁRZEA,AV JOAQUIM RIBEIRO,200,,PROX. DA UPA DA CAXANGA. GRANERO TRANSPORTES- LADO OPOSTO AO NÚMERO 200.,VÁRZEA,,CIDADE,ABALROAMENTO LONGITUDINAL,COM VITIMA GUARDANDO SAMU NO LOCAL,1.0,1.0,,,,,,,,1.0,,Longo da via,Bom,Não existe,Perfeito estado,Seca,Perfeito estado,Não existe,Não há placas,,Dupla,Canteiro central,,
2020-12-03,14:12:00,COM VÍTIMA,FINALIZADA,VÁRZEA,AV CAXANGA,,RUA DONA INES CORREA DE ARAUJO,E/F A IGREJA ASSEMBLEIA DE DEUS NO SEMAFORO 232,VÁRZEA,232.0,CIDADE,ABALROAMENTO LONGITUDINAL,COLISAO ENTRE AUTO E MOTO COM UMA VITIMA,1.0,1.0,,,,,,,,1.0,,Cruzamento,Bom,Sem defeito,Perfeito estado,Seca,Perfeito estado,Faixa de pedestre,Não há placas,60 km/h,Dupla,Canteiro central,,
2020-12-03,14:20:00,COM VÍTIMA,FINALIZADA,ROSARINHO,AV NORTE,,,E/F A PADARIA DO ROSARINHO S/T CID,ROSARINHO,,CIDADE,COLISÃO COM CICLISTA,COLISAO ENTRE ONIBUS E CICLISTA COM UMA VITIMA,,,,1.0,,1.0,,,,1.0,,Longo da via,Bom,Não existe,Perfeito estado,Seca,Perfeito estado,Não existe,Não há placas,40 km/h,Dupla,Canteiro central,,
2020-12-03,17:30:00,COM VÍTIMA,FINALIZADA,CAXANGÁ,AV CAXANGA,,,EM FRENTE AO GOLF CLUB SENTIDO CAMARAGIBE,CAXANGÁ,,,COLISÃO,COLISAO ENVOLVENDO DUAS MOTOS COM VITIMA,,2.0,,,,,,,,2.0,,,,,,,,,,,,,,
2020-12-03,17:30:00,COM VÍTIMA,FINALIZADA,VÁRZEA,AV AFONSO OLINDENSE,228,,EM FRENTE AO CONDOMINIO PARQUE CAXANGA E PADARIA CAXANGÁ.,VÁRZEA,,SUBURBIO,ABALROAMENTO TRANSVERSAL,AUTO E MOTO.,1.0,1.0,,,,,,,,1.0,,Longo da via,Bom,Sem defeito,Perfeito estado,Seca,Perfeito estado,Não existe,Outras,,Dupla,Faixa contínua,Faixa seccionada,
2020-12-03,18:13:00,COM VÍTIMA,FINALIZADA,CASA FORTE,RUA LEONARDO BEZERRA CAVALCANTE,540,,E/F AO MUNDO PEET E LOJA SEDATEX TECIDOS.,CASA FORTE,,SUBURBIO,COLISÃO TRASEIRA,COLISAO ENTRE AUTO E MOTO COM UMA VITIMA,1.0,1.0,,,,,,,,1.0,,Longo da via,Bom,Não existe,Perfeito estado,Seca,Perfeito estado,Não existe,Não há placas,,Única,Não existe,,
2020-12-03,18:25:00,COM VÍTIMA,CANCELADA,TEJIPIÓ,AV LIBERDADE,950,,E/F A ANTIGA DELEGACIA DE FURTOS DE VEÍCULOS,TEJIPIÓ,,,COLISÃO,AUTO X MOTO. C/V,1.0,1.0,,,,,,,,1.0,,,,,,,,,,,,,,
2020-12-03,20:09:00,COM VÍTIMA,FINALIZADA,BOA VISTA,RUA DA SOLEDADE,,AV OLIVEIRA LIMA,E/F A IGREJA DA SOLEDADE,BOA VISTA,222.0,CIDADE,COLISÃO TRASEIRA,COLISAO ENTRE 3 MOTOS E UM VEICULO,1.0,3.0,,,,,,,,1.0,,Cruzamento,Bom,Sem defeito,Perfeito estado,Seca,Perfeito estado,Faixa de pedestre,Não há placas,,Única,Faixa contínua,,
2020-12-03,21:19:00,COM VÍTIMA,FINALIZADA,CORDEIRO,AV CAXANGA,,RUA SOUZA BANDEIRA,E/F A DROGASIL,CORDEIRO,236.0,SUBURBIO,COLISÃO COM CICLISTA,ÔNIBUS E BICICLETA,,,,1.0,,1.0,,,,1.0,,Cruzamento,Bom,Sem defeito,Perfeito estado,Seca,Perfeito estado,Faixa de pedestre,R-6a,40 km/h,Dupla,Canteiro central,,
2020-12-03,23:31:00,SEM VÍTIMA,FINALIZADA,,RUA JOSE OSORIO,,,COM A AV CAXANGÁ,,,,COLISÃO,SEM VITIMA - EQUIPE NO APOIO PARA REMOÇÃO DOS VEÍCULOS,2.0,,,,,,,,,0.0,,,,,,,,,,,,,,
2020-12-03,23:46:00,COM VÍTIMA,FINALIZADA,IMBIRIBEIRA,RUA SARGENTO SILVINO DE MACEDO,273,RUA JOSE DA SILVA LUCENA,TOPPUS SERVIÇOS TERCERIZADOS,IMBIRIBEIRA,,SUBURBIO,ABALROAMENTO TRANSVERSAL,VÍTIMA SOCORRIDA PELO SAMU. CONDUTOR DO COROLLA COM SUSPEITA DE EMBRIAGUES,1.0,1.0,,,,,,,,1.0,,Cruzamento,Bom,Não existe,Incompleta,Seca,Perfeito estado,Não existe,Placas Pare,30 km/h,Dupla,Não existe,,
2020-12-04,10:16:00,COM VÍTIMA,FINALIZADA,TORRE,RUA PROFESSOR TRAJANO DE MENDONCA,,,PRÓXIMO A ENTRADA DO ESTACIONAMENTO DO ATACADO DOS PRESENTES.,TORRE,,SUBURBIO,TOMBAMENTO,COM UMA VITIMA AGUARDANDO SAMU VT 22 DA CTTU NO LOCAL-GM PETRONILO/GM ODILON. SEGUNDO O BOLETIM FÍSICO- TESTEMUNHAS INFORMARAM QUE A COLISÃO ACONTECEU APÓS A QUEDA DO MOTOCICLISTA.,1.0,1.0,,,,,,,,1.0,,Longo da via,Bom,Sem defeito,Perfeito estado,Seca,Perfeito estado,Não existe,Não há placas,,Única,Faixa seccionada,,
2020-12-04,11:46:00,COM VÍTIMA,FINALIZADA,VÁRZEA,AV AFONSO OLINDENSE,988,,NA LOMBADA ELETRONICA,VÁRZEA,,SUBURBIO,ATROPELAMENTO,SAMU ACIONADO-VT21 CTTU NO LOCAL -GM JOÃO SANTOS E WALFRANQUILIN,,1.0,,,1.0,,,,,1.0,,Longo da via,Bom,Não existe,Perfeito estado,Seca,Perfeito estado,Faixa de pedestre,Outras,40 km/h,Dupla,Faixa contínua,,
2020-12-04,12:47:00,SEM VÍTIMA,FINALIZADA,BOA VIAGEM,AVENIDA CELSO FURTADO (VIA MANGUE),,,,BOA VIAGEM,,,ENGAVETAMENTO,COLISÃO COM SUSPEITA DE ALCOOLEMIA,3.0,,,,,,,,,0.0,,,,,,,,,,,,,,
2020-12-04,12:55:00,COM VÍTIMA,FINALIZADA,IMBIRIBEIRA,AV MARECHAL MASCARENHAS DE MORAES,,,EM FRENTE À FERREIRA COSTA,IMBIRIBEIRA,,,COLISÃO,COLISÃO COM VÍTIMA. AGUARDANDO ATENDIMENTO DO SAMU.,1.0,,1.0,,,,,,,1.0,,,,,,,,,,,,,,
2020-12-04,13:25:00,SEM VÍTIMA,CANCELADA,PAISSANDU,AV GOVERNADOR AGAMENON MAGALHAES,,,APÓS O CRUZAMENTO DA RUA HENRIQUE DIAS,PAISSANDU,,BOA VIAGEM,COLISÃO,COLISÃO ENTRE DOIS AUTOS,2.0,,,,,,,,,0.0,,,,,,,,,,,,,,
2020-12-04,15:22:00,COM VÍTIMA,CANCELADA,BOA VISTA,AV CONDE DA BOA VISTA,,,EM FRENTE A FAFIRE,BOA VISTA,,,COLISÃO,,1.0,1.0,,,,,,,,1.0,,,,,,,,,,,,,,
2020-12-04,16:24:00,COM VÍTIMA,FINALIZADA,IBURA,AV DOIS RIOS,,RUA RIO DO OESTE,PRÓX AO MERCADO RM.,IBURA,,IPSEP / IBURA,COLISÃO TRASEIRA,SAMU- BOMBEIROS E PM NO LOCAL. UM DOS CONDUTORES COM SUSPEITA DE ALCOOLEMIA.,1.0,1.0,,,,,,,,2.0,,Longo da via,Bom,Não existe,Perfeito estado,Seca,Perfeito estado,Não existe,Não há placas,,Dupla,Faixa contínua,,
2020-12-04,17:10:00,COM VÍTIMA,FINALIZADA,MADALENA,RUA REAL DA TORRE,607,RUA MENEZES DRUMOND,EM FRENTE A PRAÇA DO MERCADO MADALENA. POR TRÁS DELE.,MADALENA,,SUBURBIO,ATROPELAMENTO,USUARIO INFORMA QUE MOTOQUEIRO FOI DESVIAR DE UM PEDESTRE E COLIDIU COM O CARRO PARADO. SEGUNDO O BOLETIM FÍSICO- O ATROPELAMENTO ACONTECEU PRIMEIRO- EM SEGUIDA HOUVE O CHOQUE COM O VEÍCULO TÁXI QUE ENCONTRAVA-SE EM SEU PONTO DE EMBARQUE.,1.0,1.0,,,1.0,,,,,1.0,,Longo da via,Bom,Não existe,Perfeito estado,Seca,Perfeito estado,Não existe,Não há placas,,Única,Faixa seccionada,,
2020-12-04,17:32:00,COM VÍTIMA,FINALIZADA,CORDEIRO,RUA PROFESSOR JOAQUIM XAVIER DE BRITO,,RUA OCIDENTAL,PROX JC CONSTRUÇÕES / LYA GALETOS,CORDEIRO,,SUBURBIO,COLISÃO FRONTAL,COLISÃO MOTO X DOIS AUTOS,2.0,1.0,,,,,,,,1.0,,Cruzamento,Bom,Não existe,Incompleta,Seca,Perfeito estado,Não existe,,40 km/h,Dupla,Canteiro central,,
2020-12-04,18:26:00,COM VÍTIMA,FINALIZADA,MONTEIRO,RUA DE APIPUCOS,,,PRÓXIMO AO EDIFICIO PORTA D' ÁGUA- APÓS A PRAÇA DO MONTEIRO.,MONTEIRO,,CIDADE,COLISÃO FRONTAL,COLISÃO ENTRE DUAS MOTOS COM VITIMA,,2.0,,,,,,,,2.0,,Longo da via,Bom,Não existe,Perfeito estado,Seca,Perfeito estado,Não existe,Não há placas,,Dupla,Faixa contínua,,
2020-12-04,18:55:00,COM VÍTIMA,FINALIZADA,BOA VIAGEM,RUA JOAO CARDOSO AIRES,647,RUA ALMIRANTE BATISTA LEAO,EM FRENTE A PIZZARIA PARQUE DA PIZZA // PRÓX AO PLANET JATO,BOA VIAGEM,,SUBURBIO,COLISÃO FRONTAL,COLISÃO ENTRE AUTO E MOTO- COM VÍTIMA,1.0,1.0,,,,,,,,1.0,,Cruzamento,Bom,Não existe,Perfeito estado,Seca,Perfeito estado,Não existe,Outras,30 km/h,Única,Não existe,,
2020-12-04,19:46:00,COM VÍTIMA,FINALIZADA,ENCRUZILHADA,AV NORTE,2665,RUA FERNANDO CESAR,EM FRENTE AO ESTACIONAMENTO DO SUPERMERCADO EXTRABOM,ENCRUZILHADA,45.0,CIDADE,COLISÃO COM CICLISTA,MOTO E BICICLETA.,,1.0,,1.0,,,,,,2.0,,Longo da via,Bom,Sem defeito,Perfeito estado,Seca,Perfeito estado,Outros,Outras,,Única,Faixa seccionada,,
2020-12-05,05:46:00,SEM VÍTIMA,CANCELADA,CASA AMARELA,AV PEDRO ALLAIN,,,PRÓXIMO AO SUPERMERCADO CANELA,CASA AMARELA,,,COLISÃO,SEGUNDO USUÁRIO- UMA DAS PARTES TEM SINTOMAS DE EMBRIAGUEZ,2.0,,,,,,,,,0.0,,,,,,,,,,,,,,